NMSPcurrent,District,Zone,Region,Strata,Strata_withoutUrban,NMSPcurrent.withCM,NMSPcurrent.withCM_noITNinLow,NMSPcurrent_label,NMSPcurrent.withCM_label,NMSPcurrent.withCM_noITNinLow_label,revNMSP3a_adj,revNMSP3b_adj_withIPTsc,revNMSP4a_adj_CMall,revNMSP4b_adj_CMall_withIPTsc,revNMSP4c_adj_CMall_withIPTsc_LARVurbanOnly,revNMSP4d_adj_CMall_withIPTsc_MDA_noLARV_inVeryLow,revNMSP7a_adj_VConly,revNMSP7b_adj_VConly_withIPTsc,revNMSP7c_adj_VConly_withIPTsc_LARVurbanOnly,revNMSP7d_adj_VConly_withIPTsc_MDA_noLARV_inVeryLow,revNMSP8a_new_IPTscHighOnly_SMCmoderat_noLSM,revNMSP8b_new_IPTscHighOnly_SMCmoderat_noLSM_withMDAinvlow,revNMSP9a_noCM_new_IPTscHighOnly_SMCmoderat_noLSM,revNMSP3a_adj_label,revNMSP3b_adj_withIPTsc_label,revNMSP4a_adj_CMall_label,revNMSP4b_adj_CMall_withIPTsc_label,revNMSP4c_adj_CMall_withIPTsc_LARVurbanOnly_label,revNMSP4d_adj_CMall_withIPTsc_MDA_noLARV_inVeryLow_label,revNMSP7a_adj_VConly_label,revNMSP7b_adj_VConly_withIPTsc_label,revNMSP7c_adj_VConly_withIPTsc_LARVurbanOnly_label,revNMSP7d_adj_VConly_withIPTsc_MDA_noLARV_inVeryLow_label,revNMSP8a_new_IPTscHighOnly_SMCmoderat_noLSM_label,revNMSP8b_new_IPTscHighOnly_SMCmoderat_noLSM_withMDAinvlow_label,revNMSP9a_noCM_new_IPTscHighOnly_SMCmoderat_noLSM_label
13,Dodoma Urban,Central,Dodoma,urban,low,43,43,ITN MRC-LARV,increase in CM - ITN MRC-LARV,increase in CM - ITN MRC-LARV,49,49,49,49,49,49,19,19,19,19,51,51,21,increase in CM - ITN continuous-LARV,increase in CM - ITN continuous-LARV,increase in CM - ITN continuous-LARV,increase in CM - ITN continuous-LARV,increase in CM - ITN continuous-LARV,increase in CM - ITN continuous-LARV,ITN continuous-LARV,ITN continuous-LARV,ITN continuous-LARV,ITN continuous-LARV,increase in CM - ITN continuous,increase in CM - ITN continuous,ITN continuous
13,Moshi Urban,Northern,Kilimanjaro,urban,low,43,43,ITN MRC-LARV,increase in CM - ITN MRC-LARV,increase in CM - ITN MRC-LARV,49,49,49,49,49,49,19,19,19,19,51,51,21,increase in CM - ITN continuous-LARV,increase in CM - ITN continuous-LARV,increase in CM - ITN continuous-LARV,increase in CM - ITN continuous-LARV,increase in CM - ITN continuous-LARV,increase in CM - ITN continuous-LARV,ITN continuous-LARV,ITN continuous-LARV,ITN continuous-LARV,ITN continuous-LARV,increase in CM - ITN continuous,increase in CM - ITN continuous,ITN continuous
13,Temeke,Eastern,Daressalaam,urban,low,43,43,ITN MRC-LARV,increase in CM - ITN MRC-LARV,increase in CM - ITN MRC-LARV,49,49,49,49,49,49,19,19,19,19,51,51,21,increase in CM - ITN continuous-LARV,increase in CM - ITN continuous-LARV,increase in CM - ITN continuous-LARV,increase in CM - ITN continuous-LARV,increase in CM - ITN continuous-LARV,increase in CM - ITN continuous-LARV,ITN continuous-LARV,ITN continuous-LARV,ITN continuous-LARV,ITN continuous-LARV,increase in CM - ITN continuous,increase in CM - ITN continuous,ITN continuous
13,Kinondoni,Eastern,Daressalaam,urban,low,43,43,ITN MRC-LARV,increase in CM - ITN MRC-LARV,increase in CM - ITN MRC-LARV,49,49,49,49,49,49,19,19,19,19,51,51,21,increase in CM - ITN continuous-LARV,increase in CM - ITN continuous-LARV,increase in CM - ITN continuous-LARV,increase in CM - ITN continuous-LARV,increase in CM - ITN continuous-LARV,increase in CM - ITN continuous-LARV,ITN continuous-LARV,ITN continuous-LARV,ITN continuous-LARV,ITN continuous-LARV,increase in CM - ITN continuous,increase in CM - ITN continuous,ITN continuous
13,Singida Urban,Central,Singida,urban,very low,43,43,ITN MRC-LARV,increase in CM - ITN MRC-LARV,increase in CM - ITN MRC-LARV,31,31,31,31,31,31,1,1,1,1,33,32,3,increase in CM-LARV,increase in CM-LARV,increase in CM-LARV,increase in CM-LARV,increase in CM-LARV,increase in CM-LARV,LARV,LARV,LARV,LARV,increase in CM,increase in CM-MDA,no increase in CM
13,Iringa Urban,Southern Highlands,Iringa,urban,low,43,43,ITN MRC-LARV,increase in CM - ITN MRC-LARV,increase in CM - ITN MRC-LARV,49,49,49,49,49,49,19,19,19,19,51,51,21,increase in CM - ITN continuous-LARV,increase in CM - ITN continuous-LARV,increase in CM - ITN continuous-LARV,increase in CM - ITN continuous-LARV,increase in CM - ITN continuous-LARV,increase in CM - ITN continuous-LARV,ITN continuous-LARV,ITN continuous-LARV,ITN continuous-LARV,ITN continuous-LARV,increase in CM - ITN continuous,increase in CM - ITN continuous,ITN continuous
13,Tanga Urban,Northern,Tanga,urban,moderate,43,43,ITN MRC-LARV,increase in CM - ITN MRC-LARV,increase in CM - ITN MRC-LARV,55,55,55,55,55,55,25,25,25,25,91,91,83,increase in CM - ITN continuous-LARV,increase in CM - ITN continuous-LARV,increase in CM - ITN continuous-LARV,increase in CM - ITN continuous-LARV,increase in CM - ITN continuous-LARV,increase in CM - ITN continuous-LARV,ITN continuous-LARV,ITN continuous-LARV,ITN continuous-LARV,ITN continuous-LARV,increase in CM - ITN MRC continuous,increase in CM - ITN MRC continuous,ITN MRC continuous
13,Ilala,Eastern,Daressalaam,urban,low,43,43,ITN MRC-LARV,increase in CM - ITN MRC-LARV,increase in CM - ITN MRC-LARV,49,49,49,49,49,49,19,19,19,19,51,51,21,increase in CM - ITN continuous-LARV,increase in CM - ITN continuous-LARV,increase in CM - ITN continuous-LARV,increase in CM - ITN continuous-LARV,increase in CM - ITN continuous-LARV,increase in CM - ITN continuous-LARV,ITN continuous-LARV,ITN continuous-LARV,ITN continuous-LARV,ITN continuous-LARV,increase in CM - ITN continuous,increase in CM - ITN continuous,ITN continuous
13,Sumbawanga Urban,Southwest Highlands,Rukwa,urban,low,43,43,ITN MRC-LARV,increase in CM - ITN MRC-LARV,increase in CM - ITN MRC-LARV,49,49,49,49,49,49,19,19,19,19,51,51,21,increase in CM - ITN continuous-LARV,increase in CM - ITN continuous-LARV,increase in CM - ITN continuous-LARV,increase in CM - ITN continuous-LARV,increase in CM - ITN continuous-LARV,increase in CM - ITN continuous-LARV,ITN continuous-LARV,ITN continuous-LARV,ITN continuous-LARV,ITN continuous-LARV,increase in CM - ITN continuous,increase in CM - ITN continuous,ITN continuous
13,Arusha Urban,Northern,Arusha,urban,very low,43,43,ITN MRC-LARV,increase in CM - ITN MRC-LARV,increase in CM - ITN MRC-LARV,31,31,31,31,31,31,1,1,1,1,33,32,3,increase in CM-LARV,increase in CM-LARV,increase in CM-LARV,increase in CM-LARV,increase in CM-LARV,increase in CM-LARV,LARV,LARV,LARV,LARV,increase in CM,increase in CM-MDA,no increase in CM
13,Ubungo MC,Eastern,Daressalaam,urban,low,43,43,ITN MRC-LARV,increase in CM - ITN MRC-LARV,increase in CM - ITN MRC-LARV,49,49,49,49,49,49,19,19,19,19,51,51,21,increase in CM - ITN continuous-LARV,increase in CM - ITN continuous-LARV,increase in CM - ITN continuous-LARV,increase in CM - ITN continuous-LARV,increase in CM - ITN continuous-LARV,increase in CM - ITN continuous-LARV,ITN continuous-LARV,ITN continuous-LARV,ITN continuous-LARV,ITN continuous-LARV,increase in CM - ITN continuous,increase in CM - ITN continuous,ITN continuous
13,Kigamboni,Eastern,Daressalaam,urban,moderate,43,43,ITN MRC-LARV,increase in CM - ITN MRC-LARV,increase in CM - ITN MRC-LARV,55,55,55,55,55,55,25,25,25,25,91,91,83,increase in CM - ITN continuous-LARV,increase in CM - ITN continuous-LARV,increase in CM - ITN continuous-LARV,increase in CM - ITN continuous-LARV,increase in CM - ITN continuous-LARV,increase in CM - ITN continuous-LARV,ITN continuous-LARV,ITN continuous-LARV,ITN continuous-LARV,ITN continuous-LARV,increase in CM - ITN MRC continuous,increase in CM - ITN MRC continuous,ITN MRC continuous
13,Mbeya Urban,Southwest Highlands,Mbeya,low,low,43,43,ITN MRC-LARV,increase in CM - ITN MRC-LARV,increase in CM - ITN MRC-LARV,49,49,49,49,51,51,19,19,21,19,87,87,79,increase in CM - ITN continuous-LARV,increase in CM - ITN continuous-LARV,increase in CM - ITN continuous-LARV,increase in CM - ITN continuous-LARV,increase in CM - ITN continuous,increase in CM - ITN continuous,ITN continuous-LARV,ITN continuous-LARV,ITN continuous,ITN continuous-LARV,increase in CM - ITN MRC continuous,increase in CM - ITN MRC continuous,ITN MRC continuous
15,Arusha,Northern,Arusha,very low,very low,45,45,ITN MRC,increase in CM - ITN MRC,increase in CM - ITN MRC,31,31,31,31,33,32,1,1,3,2,33,32,3,increase in CM-LARV,increase in CM-LARV,increase in CM-LARV,increase in CM-LARV,increase in CM,increase in CM-MDA,LARV,LARV,no increase in CM,MDA,increase in CM,increase in CM-MDA,no increase in CM
15,Lushoto,Northern,Tanga,low,low,45,45,ITN MRC,increase in CM - ITN MRC,increase in CM - ITN MRC,49,49,49,49,51,51,19,19,21,19,87,87,79,increase in CM - ITN continuous-LARV,increase in CM - ITN continuous-LARV,increase in CM - ITN continuous-LARV,increase in CM - ITN continuous-LARV,increase in CM - ITN continuous,increase in CM - ITN continuous,ITN continuous-LARV,ITN continuous-LARV,ITN continuous,ITN continuous-LARV,increase in CM - ITN MRC continuous,increase in CM - ITN MRC continuous,ITN MRC continuous
15,Babati,Central,Manyara,very low,very low,45,45,ITN MRC,increase in CM - ITN MRC,increase in CM - ITN MRC,31,31,31,31,33,32,1,1,3,2,33,32,3,increase in CM-LARV,increase in CM-LARV,increase in CM-LARV,increase in CM-LARV,increase in CM,increase in CM-MDA,LARV,LARV,no increase in CM,MDA,increase in CM,increase in CM-MDA,no increase in CM
15,Babati Urban,Central,Manyara,very low,very low,45,45,ITN MRC,increase in CM - ITN MRC,increase in CM - ITN MRC,31,31,31,31,33,32,1,1,3,2,33,32,3,increase in CM-LARV,increase in CM-LARV,increase in CM-LARV,increase in CM-LARV,increase in CM,increase in CM-MDA,LARV,LARV,no increase in CM,MDA,increase in CM,increase in CM-MDA,no increase in CM
15,Mafinga Township Authority,Southern Highlands,Iringa,very low,very low,45,45,ITN MRC,increase in CM - ITN MRC,increase in CM - ITN MRC,31,31,31,31,33,32,1,1,3,2,33,32,3,increase in CM-LARV,increase in CM-LARV,increase in CM-LARV,increase in CM-LARV,increase in CM,increase in CM-MDA,LARV,LARV,no increase in CM,MDA,increase in CM,increase in CM-MDA,no increase in CM
15,Bahi,Central,Dodoma,moderate,moderate,45,45,ITN MRC,increase in CM - ITN MRC,increase in CM - ITN MRC,27,27,57,57,57,57,27,27,27,27,91,91,83,ITN continuous,ITN continuous,increase in CM - ITN continuous,increase in CM - ITN continuous,increase in CM - ITN continuous,increase in CM - ITN continuous,ITN continuous,ITN continuous,ITN continuous,ITN continuous,increase in CM - ITN MRC continuous,increase in CM - ITN MRC continuous,ITN MRC continuous
15,Kalambo,Southwest Highlands,Rukwa,moderate,moderate,45,45,ITN MRC,increase in CM - ITN MRC,increase in CM - ITN MRC,27,27,57,57,57,57,27,27,27,27,91,91,83,ITN continuous,ITN continuous,increase in CM - ITN continuous,increase in CM - ITN continuous,increase in CM - ITN continuous,increase in CM - ITN continuous,ITN continuous,ITN continuous,ITN continuous,ITN continuous,increase in CM - ITN MRC continuous,increase in CM - ITN MRC continuous,ITN MRC continuous
15,Makete,Southern Highlands,Njombe,very low,very low,45,45,ITN MRC,increase in CM - ITN MRC,increase in CM - ITN MRC,31,31,31,31,33,32,1,1,3,2,33,32,3,increase in CM-LARV,increase in CM-LARV,increase in CM-LARV,increase in CM-LARV,increase in CM,increase in CM-MDA,LARV,LARV,no increase in CM,MDA,increase in CM,increase in CM-MDA,no increase in CM
15,Chamwino,Central,Dodoma,low,low,45,45,ITN MRC,increase in CM - ITN MRC,increase in CM - ITN MRC,49,49,49,49,51,51,19,19,21,19,87,87,79,increase in CM - ITN continuous-LARV,increase in CM - ITN continuous-LARV,increase in CM - ITN continuous-LARV,increase in CM - ITN continuous-LARV,increase in CM - ITN continuous,increase in CM - ITN continuous,ITN continuous-LARV,ITN continuous-LARV,ITN continuous,ITN continuous-LARV,increase in CM - ITN MRC continuous,increase in CM - ITN MRC continuous,ITN MRC continuous
15,Karatu,Northern,Arusha,very low,very low,45,45,ITN MRC,increase in CM - ITN MRC,increase in CM - ITN MRC,31,31,31,31,33,32,1,1,3,2,33,32,3,increase in CM-LARV,increase in CM-LARV,increase in CM-LARV,increase in CM-LARV,increase in CM,increase in CM-MDA,LARV,LARV,no increase in CM,MDA,increase in CM,increase in CM-MDA,no increase in CM
15,Chemba,Central,Dodoma,low,low,45,45,ITN MRC,increase in CM - ITN MRC,increase in CM - ITN MRC,49,49,49,49,51,51,19,19,21,19,87,87,79,increase in CM - ITN continuous-LARV,increase in CM - ITN continuous-LARV,increase in CM - ITN continuous-LARV,increase in CM - ITN continuous-LARV,increase in CM - ITN continuous,increase in CM - ITN continuous,ITN continuous-LARV,ITN continuous-LARV,ITN continuous,ITN continuous-LARV,increase in CM - ITN MRC continuous,increase in CM - ITN MRC continuous,ITN MRC continuous
15,Chunya,Southwest Highlands,Mbeya,moderate,moderate,45,45,ITN MRC,increase in CM - ITN MRC,increase in CM - ITN MRC,27,27,57,57,57,57,27,27,27,27,91,91,83,ITN continuous,ITN continuous,increase in CM - ITN continuous,increase in CM - ITN continuous,increase in CM - ITN continuous,increase in CM - ITN continuous,ITN continuous,ITN continuous,ITN continuous,ITN continuous,increase in CM - ITN MRC continuous,increase in CM - ITN MRC continuous,ITN MRC continuous
15,Siha,Northern,Kilimanjaro,very low,very low,45,45,ITN MRC,increase in CM - ITN MRC,increase in CM - ITN MRC,31,31,31,31,33,32,1,1,3,2,33,32,3,increase in CM-LARV,increase in CM-LARV,increase in CM-LARV,increase in CM-LARV,increase in CM,increase in CM-MDA,LARV,LARV,no increase in CM,MDA,increase in CM,increase in CM-MDA,no increase in CM
15,Mbarali,Southwest Highlands,Mbeya,low,low,45,45,ITN MRC,increase in CM - ITN MRC,increase in CM - ITN MRC,49,49,49,49,51,51,19,19,21,19,87,87,79,increase in CM - ITN continuous-LARV,increase in CM - ITN continuous-LARV,increase in CM - ITN continuous-LARV,increase in CM - ITN continuous-LARV,increase in CM - ITN continuous,increase in CM - ITN continuous,ITN continuous-LARV,ITN continuous-LARV,ITN continuous,ITN continuous-LARV,increase in CM - ITN MRC continuous,increase in CM - ITN MRC continuous,ITN MRC continuous
15,Bumbuli,Northern,Tanga,very low,very low,45,45,ITN MRC,increase in CM - ITN MRC,increase in CM - ITN MRC,31,31,31,31,33,32,1,1,3,2,33,32,3,increase in CM-LARV,increase in CM-LARV,increase in CM-LARV,increase in CM-LARV,increase in CM,increase in CM-MDA,LARV,LARV,no increase in CM,MDA,increase in CM,increase in CM-MDA,no increase in CM
15,Kondoa,Central,Dodoma,low,low,45,45,ITN MRC,increase in CM - ITN MRC,increase in CM - ITN MRC,49,49,49,49,51,51,19,19,21,19,87,87,79,increase in CM - ITN continuous-LARV,increase in CM - ITN continuous-LARV,increase in CM - ITN continuous-LARV,increase in CM - ITN continuous-LARV,increase in CM - ITN continuous,increase in CM - ITN continuous,ITN continuous-LARV,ITN continuous-LARV,ITN continuous,ITN continuous-LARV,increase in CM - ITN MRC continuous,increase in CM - ITN MRC continuous,ITN MRC continuous
15,Hai,Northern,Kilimanjaro,very low,very low,45,45,ITN MRC,increase in CM - ITN MRC,increase in CM - ITN MRC,31,31,31,31,33,32,1,1,3,2,33,32,3,increase in CM-LARV,increase in CM-LARV,increase in CM-LARV,increase in CM-LARV,increase in CM,increase in CM-MDA,LARV,LARV,no increase in CM,MDA,increase in CM,increase in CM-MDA,no increase in CM
15,Ngorongoro,Northern,Arusha,very low,very low,45,45,ITN MRC,increase in CM - ITN MRC,increase in CM - ITN MRC,31,31,31,31,33,32,1,1,3,2,33,32,3,increase in CM-LARV,increase in CM-LARV,increase in CM-LARV,increase in CM-LARV,increase in CM,increase in CM-MDA,LARV,LARV,no increase in CM,MDA,increase in CM,increase in CM-MDA,no increase in CM
15,Busokelo,Southwest Highlands,Mbeya,high,high,45,45,ITN MRC,increase in CM - ITN MRC,increase in CM - ITN MRC,83,83,91,91,91,91,83,83,83,83,73,73,65,ITN MRC continuous,ITN MRC continuous,increase in CM - ITN MRC continuous,increase in CM - ITN MRC continuous,increase in CM - ITN MRC continuous,increase in CM - ITN MRC continuous,ITN MRC continuous,ITN MRC continuous,ITN MRC continuous,ITN MRC continuous,increase in CM - ITN continuous-IPTsc,increase in CM - ITN continuous-IPTsc,ITN continuous-IPTsc
15,Kilindi,Northern,Tanga,high,high,45,45,ITN MRC,increase in CM - ITN MRC,increase in CM - ITN MRC,83,83,91,91,91,91,83,83,83,83,73,73,65,ITN MRC continuous,ITN MRC continuous,increase in CM - ITN MRC continuous,increase in CM - ITN MRC continuous,increase in CM - ITN MRC continuous,increase in CM - ITN MRC continuous,ITN MRC continuous,ITN MRC continuous,ITN MRC continuous,ITN MRC continuous,increase in CM - ITN continuous-IPTsc,increase in CM - ITN continuous-IPTsc,ITN continuous-IPTsc
15,Kilolo,Southern Highlands,Iringa,low,low,45,45,ITN MRC,increase in CM - ITN MRC,increase in CM - ITN MRC,49,49,49,49,51,51,19,19,21,19,87,87,79,increase in CM - ITN continuous-LARV,increase in CM - ITN continuous-LARV,increase in CM - ITN continuous-LARV,increase in CM - ITN continuous-LARV,increase in CM - ITN continuous,increase in CM - ITN continuous,ITN continuous-LARV,ITN continuous-LARV,ITN continuous,ITN continuous-LARV,increase in CM - ITN MRC continuous,increase in CM - ITN MRC continuous,ITN MRC continuous
15,Kyela,Southwest Highlands,Mbeya,moderate,moderate,45,45,ITN MRC,increase in CM - ITN MRC,increase in CM - ITN MRC,27,27,57,57,57,57,27,27,27,27,91,91,83,ITN continuous,ITN continuous,increase in CM - ITN continuous,increase in CM - ITN continuous,increase in CM - ITN continuous,increase in CM - ITN continuous,ITN continuous,ITN continuous,ITN continuous,ITN continuous,increase in CM - ITN MRC continuous,increase in CM - ITN MRC continuous,ITN MRC continuous
15,Ikungi,Central,Singida,low,low,45,45,ITN MRC,increase in CM - ITN MRC,increase in CM - ITN MRC,49,49,49,49,51,51,19,19,21,19,87,87,79,increase in CM - ITN continuous-LARV,increase in CM - ITN continuous-LARV,increase in CM - ITN continuous-LARV,increase in CM - ITN continuous-LARV,increase in CM - ITN continuous,increase in CM - ITN continuous,ITN continuous-LARV,ITN continuous-LARV,ITN continuous,ITN continuous-LARV,increase in CM - ITN MRC continuous,increase in CM - ITN MRC continuous,ITN MRC continuous
15,Manyoni,Central,Singida,low,low,45,45,ITN MRC,increase in CM - ITN MRC,increase in CM - ITN MRC,49,49,49,49,51,51,19,19,21,19,87,87,79,increase in CM - ITN continuous-LARV,increase in CM - ITN continuous-LARV,increase in CM - ITN continuous-LARV,increase in CM - ITN continuous-LARV,increase in CM - ITN continuous,increase in CM - ITN continuous,ITN continuous-LARV,ITN continuous-LARV,ITN continuous,ITN continuous-LARV,increase in CM - ITN MRC continuous,increase in CM - ITN MRC continuous,ITN MRC continuous
15,Ileje,Southwest Highlands,Songwe,low,low,45,45,ITN MRC,increase in CM - ITN MRC,increase in CM - ITN MRC,49,49,49,49,51,51,19,19,21,19,87,87,79,increase in CM - ITN continuous-LARV,increase in CM - ITN continuous-LARV,increase in CM - ITN continuous-LARV,increase in CM - ITN continuous-LARV,increase in CM - ITN continuous,increase in CM - ITN continuous,ITN continuous-LARV,ITN continuous-LARV,ITN continuous,ITN continuous-LARV,increase in CM - ITN MRC continuous,increase in CM - ITN MRC continuous,ITN MRC continuous
15,Wanging'ombe,Southern Highlands,Njombe,very low,very low,45,45,ITN MRC,increase in CM - ITN MRC,increase in CM - ITN MRC,31,31,31,31,33,32,1,1,3,2,33,32,3,increase in CM-LARV,increase in CM-LARV,increase in CM-LARV,increase in CM-LARV,increase in CM,increase in CM-MDA,LARV,LARV,no increase in CM,MDA,increase in CM,increase in CM-MDA,no increase in CM
15,Mkalama,Central,Singida,low,low,45,45,ITN MRC,increase in CM - ITN MRC,increase in CM - ITN MRC,49,49,49,49,51,51,19,19,21,19,87,87,79,increase in CM - ITN continuous-LARV,increase in CM - ITN continuous-LARV,increase in CM - ITN continuous-LARV,increase in CM - ITN continuous-LARV,increase in CM - ITN continuous,increase in CM - ITN continuous,ITN continuous-LARV,ITN continuous-LARV,ITN continuous,ITN continuous-LARV,increase in CM - ITN MRC continuous,increase in CM - ITN MRC continuous,ITN MRC continuous
15,Kiteto,Central,Manyara,low,low,45,45,ITN MRC,increase in CM - ITN MRC,increase in CM - ITN MRC,49,49,49,49,51,51,19,19,21,19,87,87,79,increase in CM - ITN continuous-LARV,increase in CM - ITN continuous-LARV,increase in CM - ITN continuous-LARV,increase in CM - ITN continuous-LARV,increase in CM - ITN continuous,increase in CM - ITN continuous,ITN continuous-LARV,ITN continuous-LARV,ITN continuous,ITN continuous-LARV,increase in CM - ITN MRC continuous,increase in CM - ITN MRC continuous,ITN MRC continuous
15,Singida,Central,Singida,very low,very low,45,45,ITN MRC,increase in CM - ITN MRC,increase in CM - ITN MRC,31,31,31,31,33,32,1,1,3,2,33,32,3,increase in CM-LARV,increase in CM-LARV,increase in CM-LARV,increase in CM-LARV,increase in CM,increase in CM-MDA,LARV,LARV,no increase in CM,MDA,increase in CM,increase in CM-MDA,no increase in CM
15,Itigi,Central,Singida,moderate,moderate,45,45,ITN MRC,increase in CM - ITN MRC,increase in CM - ITN MRC,27,27,57,57,57,57,27,27,27,27,91,91,83,ITN continuous,ITN continuous,increase in CM - ITN continuous,increase in CM - ITN continuous,increase in CM - ITN continuous,increase in CM - ITN continuous,ITN continuous,ITN continuous,ITN continuous,ITN continuous,increase in CM - ITN MRC continuous,increase in CM - ITN MRC continuous,ITN MRC continuous
15,Hanang,Central,Manyara,very low,very low,45,45,ITN MRC,increase in CM - ITN MRC,increase in CM - ITN MRC,31,31,31,31,33,32,1,1,3,2,33,32,3,increase in CM-LARV,increase in CM-LARV,increase in CM-LARV,increase in CM-LARV,increase in CM,increase in CM-MDA,LARV,LARV,no increase in CM,MDA,increase in CM,increase in CM-MDA,no increase in CM
15,Handeni,Northern,Tanga,high,high,45,45,ITN MRC,increase in CM - ITN MRC,increase in CM - ITN MRC,83,83,91,91,91,91,83,83,83,83,73,73,65,ITN MRC continuous,ITN MRC continuous,increase in CM - ITN MRC continuous,increase in CM - ITN MRC continuous,increase in CM - ITN MRC continuous,increase in CM - ITN MRC continuous,ITN MRC continuous,ITN MRC continuous,ITN MRC continuous,ITN MRC continuous,increase in CM - ITN continuous-IPTsc,increase in CM - ITN continuous-IPTsc,ITN continuous-IPTsc
15,Handeni Mjini,Northern,Tanga,high,high,45,45,ITN MRC,increase in CM - ITN MRC,increase in CM - ITN MRC,83,83,91,91,91,91,83,83,83,83,73,73,65,ITN MRC continuous,ITN MRC continuous,increase in CM - ITN MRC continuous,increase in CM - ITN MRC continuous,increase in CM - ITN MRC continuous,increase in CM - ITN MRC continuous,ITN MRC continuous,ITN MRC continuous,ITN MRC continuous,ITN MRC continuous,increase in CM - ITN continuous-IPTsc,increase in CM - ITN continuous-IPTsc,ITN continuous-IPTsc
15,Same,Northern,Kilimanjaro,low,low,45,45,ITN MRC,increase in CM - ITN MRC,increase in CM - ITN MRC,49,49,49,49,51,51,19,19,21,19,87,87,79,increase in CM - ITN continuous-LARV,increase in CM - ITN continuous-LARV,increase in CM - ITN continuous-LARV,increase in CM - ITN continuous-LARV,increase in CM - ITN continuous,increase in CM - ITN continuous,ITN continuous-LARV,ITN continuous-LARV,ITN continuous,ITN continuous-LARV,increase in CM - ITN MRC continuous,increase in CM - ITN MRC continuous,ITN MRC continuous
15,Mbulu,Central,Manyara,very low,very low,45,45,ITN MRC,increase in CM - ITN MRC,increase in CM - ITN MRC,31,31,31,31,33,32,1,1,3,2,33,32,3,increase in CM-LARV,increase in CM-LARV,increase in CM-LARV,increase in CM-LARV,increase in CM,increase in CM-MDA,LARV,LARV,no increase in CM,MDA,increase in CM,increase in CM-MDA,no increase in CM
15,Mbulu TC,Central,Manyara,very low,very low,45,45,ITN MRC,increase in CM - ITN MRC,increase in CM - ITN MRC,31,31,31,31,33,32,1,1,3,2,33,32,3,increase in CM-LARV,increase in CM-LARV,increase in CM-LARV,increase in CM-LARV,increase in CM,increase in CM-MDA,LARV,LARV,no increase in CM,MDA,increase in CM,increase in CM-MDA,no increase in CM
15,Iringa,Southern Highlands,Iringa,low,low,45,45,ITN MRC,increase in CM - ITN MRC,increase in CM - ITN MRC,49,49,49,49,51,51,19,19,21,19,87,87,79,increase in CM - ITN continuous-LARV,increase in CM - ITN continuous-LARV,increase in CM - ITN continuous-LARV,increase in CM - ITN continuous-LARV,increase in CM - ITN continuous,increase in CM - ITN continuous,ITN continuous-LARV,ITN continuous-LARV,ITN continuous,ITN continuous-LARV,increase in CM - ITN MRC continuous,increase in CM - ITN MRC continuous,ITN MRC continuous
15,Meru,Northern,Arusha,very low,very low,45,45,ITN MRC,increase in CM - ITN MRC,increase in CM - ITN MRC,31,31,31,31,33,32,1,1,3,2,33,32,3,increase in CM-LARV,increase in CM-LARV,increase in CM-LARV,increase in CM-LARV,increase in CM,increase in CM-MDA,LARV,LARV,no increase in CM,MDA,increase in CM,increase in CM-MDA,no increase in CM
15,Rombo,Northern,Kilimanjaro,very low,very low,45,45,ITN MRC,increase in CM - ITN MRC,increase in CM - ITN MRC,31,31,31,31,33,32,1,1,3,2,33,32,3,increase in CM-LARV,increase in CM-LARV,increase in CM-LARV,increase in CM-LARV,increase in CM,increase in CM-MDA,LARV,LARV,no increase in CM,MDA,increase in CM,increase in CM-MDA,no increase in CM
15,Iramba,Central,Singida,low,low,45,45,ITN MRC,increase in CM - ITN MRC,increase in CM - ITN MRC,49,49,49,49,51,51,19,19,21,19,87,87,79,increase in CM - ITN continuous-LARV,increase in CM - ITN continuous-LARV,increase in CM - ITN continuous-LARV,increase in CM - ITN continuous-LARV,increase in CM - ITN continuous,increase in CM - ITN continuous,ITN continuous-LARV,ITN continuous-LARV,ITN continuous,ITN continuous-LARV,increase in CM - ITN MRC continuous,increase in CM - ITN MRC continuous,ITN MRC continuous
15,Muheza,Northern,Tanga,high,high,45,45,ITN MRC,increase in CM - ITN MRC,increase in CM - ITN MRC,83,83,91,91,91,91,83,83,83,83,73,73,65,ITN MRC continuous,ITN MRC continuous,increase in CM - ITN MRC continuous,increase in CM - ITN MRC continuous,increase in CM - ITN MRC continuous,increase in CM - ITN MRC continuous,ITN MRC continuous,ITN MRC continuous,ITN MRC continuous,ITN MRC continuous,increase in CM - ITN continuous-IPTsc,increase in CM - ITN continuous-IPTsc,ITN continuous-IPTsc
15,Mbeya,Southwest Highlands,Mbeya,urban,low,45,45,ITN MRC,increase in CM - ITN MRC,increase in CM - ITN MRC,49,49,49,49,49,49,19,19,19,19,51,51,21,increase in CM - ITN continuous-LARV,increase in CM - ITN continuous-LARV,increase in CM - ITN continuous-LARV,increase in CM - ITN continuous-LARV,increase in CM - ITN continuous-LARV,increase in CM - ITN continuous-LARV,ITN continuous-LARV,ITN continuous-LARV,ITN continuous-LARV,ITN continuous-LARV,increase in CM - ITN continuous,increase in CM - ITN continuous,ITN continuous
15,Makambako Township Authority,Southern Highlands,Njombe,very low,very low,45,45,ITN MRC,increase in CM - ITN MRC,increase in CM - ITN MRC,31,31,31,31,33,32,1,1,3,2,33,32,3,increase in CM-LARV,increase in CM-LARV,increase in CM-LARV,increase in CM-LARV,increase in CM,increase in CM-MDA,LARV,LARV,no increase in CM,MDA,increase in CM,increase in CM-MDA,no increase in CM
15,Mufindi,Southern Highlands,Iringa,low,low,45,45,ITN MRC,increase in CM - ITN MRC,increase in CM - ITN MRC,49,49,49,49,51,51,19,19,21,19,87,87,79,increase in CM - ITN continuous-LARV,increase in CM - ITN continuous-LARV,increase in CM - ITN continuous-LARV,increase in CM - ITN continuous-LARV,increase in CM - ITN continuous,increase in CM - ITN continuous,ITN continuous-LARV,ITN continuous-LARV,ITN continuous,ITN continuous-LARV,increase in CM - ITN MRC continuous,increase in CM - ITN MRC continuous,ITN MRC continuous
15,Moshi,Northern,Kilimanjaro,very low,very low,45,45,ITN MRC,increase in CM - ITN MRC,increase in CM - ITN MRC,31,31,31,31,33,32,1,1,3,2,33,32,3,increase in CM-LARV,increase in CM-LARV,increase in CM-LARV,increase in CM-LARV,increase in CM,increase in CM-MDA,LARV,LARV,no increase in CM,MDA,increase in CM,increase in CM-MDA,no increase in CM
15,Songwe,Southwest Highlands,Songwe,moderate,moderate,45,45,ITN MRC,increase in CM - ITN MRC,increase in CM - ITN MRC,27,27,57,57,57,57,27,27,27,27,91,91,83,ITN continuous,ITN continuous,increase in CM - ITN continuous,increase in CM - ITN continuous,increase in CM - ITN continuous,increase in CM - ITN continuous,ITN continuous,ITN continuous,ITN continuous,ITN continuous,increase in CM - ITN MRC continuous,increase in CM - ITN MRC continuous,ITN MRC continuous
15,Mwanga,Northern,Kilimanjaro,very low,very low,45,45,ITN MRC,increase in CM - ITN MRC,increase in CM - ITN MRC,31,31,31,31,33,32,1,1,3,2,33,32,3,increase in CM-LARV,increase in CM-LARV,increase in CM-LARV,increase in CM-LARV,increase in CM,increase in CM-MDA,LARV,LARV,no increase in CM,MDA,increase in CM,increase in CM-MDA,no increase in CM
15,Sumbawanga,Southwest Highlands,Rukwa,low,low,45,45,ITN MRC,increase in CM - ITN MRC,increase in CM - ITN MRC,49,49,49,49,51,51,19,19,21,19,87,87,79,increase in CM - ITN continuous-LARV,increase in CM - ITN continuous-LARV,increase in CM - ITN continuous-LARV,increase in CM - ITN continuous-LARV,increase in CM - ITN continuous,increase in CM - ITN continuous,ITN continuous-LARV,ITN continuous-LARV,ITN continuous,ITN continuous-LARV,increase in CM - ITN MRC continuous,increase in CM - ITN MRC continuous,ITN MRC continuous
15,Kondoa TC,Central,Dodoma,very low,very low,45,45,ITN MRC,increase in CM - ITN MRC,increase in CM - ITN MRC,31,31,31,31,33,32,1,1,3,2,33,32,3,increase in CM-LARV,increase in CM-LARV,increase in CM-LARV,increase in CM-LARV,increase in CM,increase in CM-MDA,LARV,LARV,no increase in CM,MDA,increase in CM,increase in CM-MDA,no increase in CM
15,Longido,Northern,Arusha,very low,very low,45,45,ITN MRC,increase in CM - ITN MRC,increase in CM - ITN MRC,31,31,31,31,33,32,1,1,3,2,33,32,3,increase in CM-LARV,increase in CM-LARV,increase in CM-LARV,increase in CM-LARV,increase in CM,increase in CM-MDA,LARV,LARV,no increase in CM,MDA,increase in CM,increase in CM-MDA,no increase in CM
15,Mkinga,Northern,Tanga,moderate,moderate,45,45,ITN MRC,increase in CM - ITN MRC,increase in CM - ITN MRC,27,27,57,57,57,57,27,27,27,27,91,91,83,ITN continuous,ITN continuous,increase in CM - ITN continuous,increase in CM - ITN continuous,increase in CM - ITN continuous,increase in CM - ITN continuous,ITN continuous,ITN continuous,ITN continuous,ITN continuous,increase in CM - ITN MRC continuous,increase in CM - ITN MRC continuous,ITN MRC continuous
15,Tunduma,Southwest Highlands,Songwe,very low,very low,45,45,ITN MRC,increase in CM - ITN MRC,increase in CM - ITN MRC,31,31,31,31,33,32,1,1,3,2,33,32,3,increase in CM-LARV,increase in CM-LARV,increase in CM-LARV,increase in CM-LARV,increase in CM,increase in CM-MDA,LARV,LARV,no increase in CM,MDA,increase in CM,increase in CM-MDA,no increase in CM
15,Njombe Urban,Southern Highlands,Njombe,very low,very low,45,45,ITN MRC,increase in CM - ITN MRC,increase in CM - ITN MRC,31,31,31,31,33,32,1,1,3,2,33,32,3,increase in CM-LARV,increase in CM-LARV,increase in CM-LARV,increase in CM-LARV,increase in CM,increase in CM-MDA,LARV,LARV,no increase in CM,MDA,increase in CM,increase in CM-MDA,no increase in CM
15,Kongwa,Central,Dodoma,low,low,45,45,ITN MRC,increase in CM - ITN MRC,increase in CM - ITN MRC,49,49,49,49,51,51,19,19,21,19,87,87,79,increase in CM - ITN continuous-LARV,increase in CM - ITN continuous-LARV,increase in CM - ITN continuous-LARV,increase in CM - ITN continuous-LARV,increase in CM - ITN continuous,increase in CM - ITN continuous,ITN continuous-LARV,ITN continuous-LARV,ITN continuous,ITN continuous-LARV,increase in CM - ITN MRC continuous,increase in CM - ITN MRC continuous,ITN MRC continuous
15,Njombe,Southern Highlands,Njombe,low,low,45,45,ITN MRC,increase in CM - ITN MRC,increase in CM - ITN MRC,49,49,49,49,51,51,19,19,21,19,87,87,79,increase in CM - ITN continuous-LARV,increase in CM - ITN continuous-LARV,increase in CM - ITN continuous-LARV,increase in CM - ITN continuous-LARV,increase in CM - ITN continuous,increase in CM - ITN continuous,ITN continuous-LARV,ITN continuous-LARV,ITN continuous,ITN continuous-LARV,increase in CM - ITN MRC continuous,increase in CM - ITN MRC continuous,ITN MRC continuous
15,Mbozi,Southwest Highlands,Songwe,very low,very low,45,45,ITN MRC,increase in CM - ITN MRC,increase in CM - ITN MRC,31,31,31,31,33,32,1,1,3,2,33,32,3,increase in CM-LARV,increase in CM-LARV,increase in CM-LARV,increase in CM-LARV,increase in CM,increase in CM-MDA,LARV,LARV,no increase in CM,MDA,increase in CM,increase in CM-MDA,no increase in CM
15,Pangani,Northern,Tanga,moderate,moderate,45,45,ITN MRC,increase in CM - ITN MRC,increase in CM - ITN MRC,27,27,57,57,57,57,27,27,27,27,91,91,83,ITN continuous,ITN continuous,increase in CM - ITN continuous,increase in CM - ITN continuous,increase in CM - ITN continuous,increase in CM - ITN continuous,ITN continuous,ITN continuous,ITN continuous,ITN continuous,increase in CM - ITN MRC continuous,increase in CM - ITN MRC continuous,ITN MRC continuous
15,Nkasi,Southwest Highlands,Rukwa,moderate,moderate,45,45,ITN MRC,increase in CM - ITN MRC,increase in CM - ITN MRC,27,27,57,57,57,57,27,27,27,27,91,91,83,ITN continuous,ITN continuous,increase in CM - ITN continuous,increase in CM - ITN continuous,increase in CM - ITN continuous,increase in CM - ITN continuous,ITN continuous,ITN continuous,ITN continuous,ITN continuous,increase in CM - ITN MRC continuous,increase in CM - ITN MRC continuous,ITN MRC continuous
15,Ludewa,Southern Highlands,Njombe,moderate,moderate,45,45,ITN MRC,increase in CM - ITN MRC,increase in CM - ITN MRC,27,27,57,57,57,57,27,27,27,27,91,91,83,ITN continuous,ITN continuous,increase in CM - ITN continuous,increase in CM - ITN continuous,increase in CM - ITN continuous,increase in CM - ITN continuous,ITN continuous,ITN continuous,ITN continuous,ITN continuous,increase in CM - ITN MRC continuous,increase in CM - ITN MRC continuous,ITN MRC continuous
15,Korogwe Township Authority,Northern,Tanga,moderate,moderate,45,45,ITN MRC,increase in CM - ITN MRC,increase in CM - ITN MRC,27,27,57,57,57,57,27,27,27,27,91,91,83,ITN continuous,ITN continuous,increase in CM - ITN continuous,increase in CM - ITN continuous,increase in CM - ITN continuous,increase in CM - ITN continuous,ITN continuous,ITN continuous,ITN continuous,ITN continuous,increase in CM - ITN MRC continuous,increase in CM - ITN MRC continuous,ITN MRC continuous
15,Rungwe,Southwest Highlands,Mbeya,low,low,45,45,ITN MRC,increase in CM - ITN MRC,increase in CM - ITN MRC,49,49,49,49,51,51,19,19,21,19,87,87,79,increase in CM - ITN continuous-LARV,increase in CM - ITN continuous-LARV,increase in CM - ITN continuous-LARV,increase in CM - ITN continuous-LARV,increase in CM - ITN continuous,increase in CM - ITN continuous,ITN continuous-LARV,ITN continuous-LARV,ITN continuous,ITN continuous-LARV,increase in CM - ITN MRC continuous,increase in CM - ITN MRC continuous,ITN MRC continuous
15,Korogwe,Northern,Tanga,moderate,moderate,45,45,ITN MRC,increase in CM - ITN MRC,increase in CM - ITN MRC,27,27,57,57,57,57,27,27,27,27,91,91,83,ITN continuous,ITN continuous,increase in CM - ITN continuous,increase in CM - ITN continuous,increase in CM - ITN continuous,increase in CM - ITN continuous,ITN continuous,ITN continuous,ITN continuous,ITN continuous,increase in CM - ITN MRC continuous,increase in CM - ITN MRC continuous,ITN MRC continuous
15,Mpwapwa,Central,Dodoma,moderate,moderate,45,45,ITN MRC,increase in CM - ITN MRC,increase in CM - ITN MRC,27,27,57,57,57,57,27,27,27,27,91,91,83,ITN continuous,ITN continuous,increase in CM - ITN continuous,increase in CM - ITN continuous,increase in CM - ITN continuous,increase in CM - ITN continuous,ITN continuous,ITN continuous,ITN continuous,ITN continuous,increase in CM - ITN MRC continuous,increase in CM - ITN MRC continuous,ITN MRC continuous
15,Simanjiro,Central,Manyara,low,low,45,45,ITN MRC,increase in CM - ITN MRC,increase in CM - ITN MRC,49,49,49,49,51,51,19,19,21,19,87,87,79,increase in CM - ITN continuous-LARV,increase in CM - ITN continuous-LARV,increase in CM - ITN continuous-LARV,increase in CM - ITN continuous-LARV,increase in CM - ITN continuous,increase in CM - ITN continuous,ITN continuous-LARV,ITN continuous-LARV,ITN continuous,ITN continuous-LARV,increase in CM - ITN MRC continuous,increase in CM - ITN MRC continuous,ITN MRC continuous
15,Momba,Southwest Highlands,Songwe,moderate,moderate,45,45,ITN MRC,increase in CM - ITN MRC,increase in CM - ITN MRC,27,27,57,57,57,57,27,27,27,27,91,91,83,ITN continuous,ITN continuous,increase in CM - ITN continuous,increase in CM - ITN continuous,increase in CM - ITN continuous,increase in CM - ITN continuous,ITN continuous,ITN continuous,ITN continuous,ITN continuous,increase in CM - ITN MRC continuous,increase in CM - ITN MRC continuous,ITN MRC continuous
15,Monduli,Northern,Arusha,very low,very low,45,45,ITN MRC,increase in CM - ITN MRC,increase in CM - ITN MRC,31,31,31,31,33,32,1,1,3,2,33,32,3,increase in CM-LARV,increase in CM-LARV,increase in CM-LARV,increase in CM-LARV,increase in CM,increase in CM-MDA,LARV,LARV,no increase in CM,MDA,increase in CM,increase in CM-MDA,no increase in CM
25,Ilemela,Lake,Mwanza,urban,moderate,55,55,ITN continuous-LARV,increase in CM - ITN continuous-LARV,increase in CM - ITN continuous-LARV,55,55,55,55,55,55,25,25,25,25,91,91,83,increase in CM - ITN continuous-LARV,increase in CM - ITN continuous-LARV,increase in CM - ITN continuous-LARV,increase in CM - ITN continuous-LARV,increase in CM - ITN continuous-LARV,increase in CM - ITN continuous-LARV,ITN continuous-LARV,ITN continuous-LARV,ITN continuous-LARV,ITN continuous-LARV,increase in CM - ITN MRC continuous,increase in CM - ITN MRC continuous,ITN MRC continuous
25,Lindi Urban,Southern,Lindi,urban,high,55,55,ITN continuous-LARV,increase in CM - ITN continuous-LARV,increase in CM - ITN continuous-LARV,55,55,55,55,55,55,25,25,25,25,75,73,65,increase in CM - ITN continuous-LARV,increase in CM - ITN continuous-LARV,increase in CM - ITN continuous-LARV,increase in CM - ITN continuous-LARV,increase in CM - ITN continuous-LARV,increase in CM - ITN continuous-LARV,ITN continuous-LARV,ITN continuous-LARV,ITN continuous-LARV,ITN continuous-LARV,increase in CM - ITN MRC continuous-IPTsc,increase in CM - ITN continuous-IPTsc,ITN continuous-IPTsc
25,Mpanda Urban,Southwest Highlands,Katavi,urban,moderate,55,55,ITN continuous-LARV,increase in CM - ITN continuous-LARV,increase in CM - ITN continuous-LARV,55,55,55,55,55,55,25,25,25,25,91,91,83,increase in CM - ITN continuous-LARV,increase in CM - ITN continuous-LARV,increase in CM - ITN continuous-LARV,increase in CM - ITN continuous-LARV,increase in CM - ITN continuous-LARV,increase in CM - ITN continuous-LARV,ITN continuous-LARV,ITN continuous-LARV,ITN continuous-LARV,ITN continuous-LARV,increase in CM - ITN MRC continuous,increase in CM - ITN MRC continuous,ITN MRC continuous
25,Mtwara Urban,Southern,Mtwara,urban,high,55,55,ITN continuous-LARV,increase in CM - ITN continuous-LARV,increase in CM - ITN continuous-LARV,55,55,55,55,55,55,25,25,25,25,75,73,65,increase in CM - ITN continuous-LARV,increase in CM - ITN continuous-LARV,increase in CM - ITN continuous-LARV,increase in CM - ITN continuous-LARV,increase in CM - ITN continuous-LARV,increase in CM - ITN continuous-LARV,ITN continuous-LARV,ITN continuous-LARV,ITN continuous-LARV,ITN continuous-LARV,increase in CM - ITN MRC continuous-IPTsc,increase in CM - ITN continuous-IPTsc,ITN continuous-IPTsc
25,Bukoba Urban,Lake,Kagera,urban,low,55,55,ITN continuous-LARV,increase in CM - ITN continuous-LARV,increase in CM - ITN continuous-LARV,49,49,49,49,49,49,19,19,19,19,51,51,21,increase in CM - ITN continuous-LARV,increase in CM - ITN continuous-LARV,increase in CM - ITN continuous-LARV,increase in CM - ITN continuous-LARV,increase in CM - ITN continuous-LARV,increase in CM - ITN continuous-LARV,ITN continuous-LARV,ITN continuous-LARV,ITN continuous-LARV,ITN continuous-LARV,increase in CM - ITN continuous,increase in CM - ITN continuous,ITN continuous
25,Songea Urban,Southern Highlands,Ruvuma,urban,moderate,55,55,ITN continuous-LARV,increase in CM - ITN continuous-LARV,increase in CM - ITN continuous-LARV,55,55,55,55,55,55,25,25,25,25,91,91,83,increase in CM - ITN continuous-LARV,increase in CM - ITN continuous-LARV,increase in CM - ITN continuous-LARV,increase in CM - ITN continuous-LARV,increase in CM - ITN continuous-LARV,increase in CM - ITN continuous-LARV,ITN continuous-LARV,ITN continuous-LARV,ITN continuous-LARV,ITN continuous-LARV,increase in CM - ITN MRC continuous,increase in CM - ITN MRC continuous,ITN MRC continuous
25,Kigoma Urban,Western,Kigoma,urban,high,55,55,ITN continuous-LARV,increase in CM - ITN continuous-LARV,increase in CM - ITN continuous-LARV,55,55,55,55,55,55,25,25,25,25,75,73,65,increase in CM - ITN continuous-LARV,increase in CM - ITN continuous-LARV,increase in CM - ITN continuous-LARV,increase in CM - ITN continuous-LARV,increase in CM - ITN continuous-LARV,increase in CM - ITN continuous-LARV,ITN continuous-LARV,ITN continuous-LARV,ITN continuous-LARV,ITN continuous-LARV,increase in CM - ITN MRC continuous-IPTsc,increase in CM - ITN continuous-IPTsc,ITN continuous-IPTsc
25,Morogoro Urban,Eastern,Morogoro,urban,moderate,55,55,ITN continuous-LARV,increase in CM - ITN continuous-LARV,increase in CM - ITN continuous-LARV,55,55,55,55,55,55,25,25,25,25,91,91,83,increase in CM - ITN continuous-LARV,increase in CM - ITN continuous-LARV,increase in CM - ITN continuous-LARV,increase in CM - ITN continuous-LARV,increase in CM - ITN continuous-LARV,increase in CM - ITN continuous-LARV,ITN continuous-LARV,ITN continuous-LARV,ITN continuous-LARV,ITN continuous-LARV,increase in CM - ITN MRC continuous,increase in CM - ITN MRC continuous,ITN MRC continuous
25,Musoma Urban,Lake,Mara,urban,moderate,55,55,ITN continuous-LARV,increase in CM - ITN continuous-LARV,increase in CM - ITN continuous-LARV,55,55,55,55,55,55,25,25,25,25,91,91,83,increase in CM - ITN continuous-LARV,increase in CM - ITN continuous-LARV,increase in CM - ITN continuous-LARV,increase in CM - ITN continuous-LARV,increase in CM - ITN continuous-LARV,increase in CM - ITN continuous-LARV,ITN continuous-LARV,ITN continuous-LARV,ITN continuous-LARV,ITN continuous-LARV,increase in CM - ITN MRC continuous,increase in CM - ITN MRC continuous,ITN MRC continuous
25,Tabora Urban,Western,Tabora,urban,high,55,55,ITN continuous-LARV,increase in CM - ITN continuous-LARV,increase in CM - ITN continuous-LARV,55,55,55,55,55,55,25,25,25,25,75,73,65,increase in CM - ITN continuous-LARV,increase in CM - ITN continuous-LARV,increase in CM - ITN continuous-LARV,increase in CM - ITN continuous-LARV,increase in CM - ITN continuous-LARV,increase in CM - ITN continuous-LARV,ITN continuous-LARV,ITN continuous-LARV,ITN continuous-LARV,ITN continuous-LARV,increase in CM - ITN MRC continuous-IPTsc,increase in CM - ITN continuous-IPTsc,ITN continuous-IPTsc
25,Nyamagana,Lake,Mwanza,urban,low,55,55,ITN continuous-LARV,increase in CM - ITN continuous-LARV,increase in CM - ITN continuous-LARV,49,49,49,49,49,49,19,19,19,19,51,51,21,increase in CM - ITN continuous-LARV,increase in CM - ITN continuous-LARV,increase in CM - ITN continuous-LARV,increase in CM - ITN continuous-LARV,increase in CM - ITN continuous-LARV,increase in CM - ITN continuous-LARV,ITN continuous-LARV,ITN continuous-LARV,ITN continuous-LARV,ITN continuous-LARV,increase in CM - ITN continuous,increase in CM - ITN continuous,ITN continuous
25,Shinyanga Urban,Lake,Shinyanga,urban,moderate,55,55,ITN continuous-LARV,increase in CM - ITN continuous-LARV,increase in CM - ITN continuous-LARV,55,55,55,55,55,55,25,25,25,25,91,91,83,increase in CM - ITN continuous-LARV,increase in CM - ITN continuous-LARV,increase in CM - ITN continuous-LARV,increase in CM - ITN continuous-LARV,increase in CM - ITN continuous-LARV,increase in CM - ITN continuous-LARV,ITN continuous-LARV,ITN continuous-LARV,ITN continuous-LARV,ITN continuous-LARV,increase in CM - ITN MRC continuous,increase in CM - ITN MRC continuous,ITN MRC continuous
27,Maswa,Lake,Simiyu,moderate,moderate,57,57,ITN continuous,increase in CM - ITN continuous,increase in CM - ITN continuous,27,27,57,57,57,57,27,27,27,27,91,91,83,ITN continuous,ITN continuous,increase in CM - ITN continuous,increase in CM - ITN continuous,increase in CM - ITN continuous,increase in CM - ITN continuous,ITN continuous,ITN continuous,ITN continuous,ITN continuous,increase in CM - ITN MRC continuous,increase in CM - ITN MRC continuous,ITN MRC continuous
27,Kasulu Township Authority,Western,Kigoma,moderate,moderate,57,57,ITN continuous,increase in CM - ITN continuous,increase in CM - ITN continuous,27,27,57,57,57,57,27,27,27,27,91,91,83,ITN continuous,ITN continuous,increase in CM - ITN continuous,increase in CM - ITN continuous,increase in CM - ITN continuous,increase in CM - ITN continuous,ITN continuous,ITN continuous,ITN continuous,ITN continuous,increase in CM - ITN MRC continuous,increase in CM - ITN MRC continuous,ITN MRC continuous
27,Kibaha,Eastern,Pwani,high,high,57,57,ITN continuous,increase in CM - ITN continuous,increase in CM - ITN continuous,83,83,91,91,91,91,83,83,83,83,73,73,65,ITN MRC continuous,ITN MRC continuous,increase in CM - ITN MRC continuous,increase in CM - ITN MRC continuous,increase in CM - ITN MRC continuous,increase in CM - ITN MRC continuous,ITN MRC continuous,ITN MRC continuous,ITN MRC continuous,ITN MRC continuous,increase in CM - ITN continuous-IPTsc,increase in CM - ITN continuous-IPTsc,ITN continuous-IPTsc
27,Busega,Lake,Simiyu,moderate,moderate,57,57,ITN continuous,increase in CM - ITN continuous,increase in CM - ITN continuous,27,27,57,57,57,57,27,27,27,27,91,91,83,ITN continuous,ITN continuous,increase in CM - ITN continuous,increase in CM - ITN continuous,increase in CM - ITN continuous,increase in CM - ITN continuous,ITN continuous,ITN continuous,ITN continuous,ITN continuous,increase in CM - ITN MRC continuous,increase in CM - ITN MRC continuous,ITN MRC continuous
27,Meatu,Lake,Simiyu,moderate,moderate,57,57,ITN continuous,increase in CM - ITN continuous,increase in CM - ITN continuous,27,27,57,57,57,57,27,27,27,27,91,91,83,ITN continuous,ITN continuous,increase in CM - ITN continuous,increase in CM - ITN continuous,increase in CM - ITN continuous,increase in CM - ITN continuous,ITN continuous,ITN continuous,ITN continuous,ITN continuous,increase in CM - ITN MRC continuous,increase in CM - ITN MRC continuous,ITN MRC continuous
27,Buhigwe,Western,Kigoma,high,high,57,57,ITN continuous,increase in CM - ITN continuous,increase in CM - ITN continuous,84,68,92,76,76,76,84,68,68,68,74,74,66,ITN MRC continuous-IRS,ITN MRC continuous-IRS-IPTsc,increase in CM - ITN MRC continuous-IRS,increase in CM - ITN MRC continuous-IRS-IPTsc,increase in CM - ITN MRC continuous-IRS-IPTsc,increase in CM - ITN MRC continuous-IRS-IPTsc,ITN MRC continuous-IRS,ITN MRC continuous-IRS-IPTsc,ITN MRC continuous-IRS-IPTsc,ITN MRC continuous-IRS-IPTsc,increase in CM - ITN continuous-IRS-IPTsc,increase in CM - ITN continuous-IRS-IPTsc,ITN continuous-IRS-IPTsc
27,Kisarawe,Eastern,Pwani,high,high,57,57,ITN continuous,increase in CM - ITN continuous,increase in CM - ITN continuous,83,83,91,91,91,91,83,83,83,83,73,73,65,ITN MRC continuous,ITN MRC continuous,increase in CM - ITN MRC continuous,increase in CM - ITN MRC continuous,increase in CM - ITN MRC continuous,increase in CM - ITN MRC continuous,ITN MRC continuous,ITN MRC continuous,ITN MRC continuous,ITN MRC continuous,increase in CM - ITN continuous-IPTsc,increase in CM - ITN continuous-IPTsc,ITN continuous-IPTsc
27,Kilosa,Eastern,Morogoro,moderate,moderate,57,57,ITN continuous,increase in CM - ITN continuous,increase in CM - ITN continuous,27,27,57,57,57,57,27,27,27,27,91,91,83,ITN continuous,ITN continuous,increase in CM - ITN continuous,increase in CM - ITN continuous,increase in CM - ITN continuous,increase in CM - ITN continuous,ITN continuous,ITN continuous,ITN continuous,ITN continuous,increase in CM - ITN MRC continuous,increase in CM - ITN MRC continuous,ITN MRC continuous
27,Gairo,Eastern,Morogoro,low,low,57,57,ITN continuous,increase in CM - ITN continuous,increase in CM - ITN continuous,49,49,49,49,51,51,19,19,21,19,87,87,79,increase in CM - ITN continuous-LARV,increase in CM - ITN continuous-LARV,increase in CM - ITN continuous-LARV,increase in CM - ITN continuous-LARV,increase in CM - ITN continuous,increase in CM - ITN continuous,ITN continuous-LARV,ITN continuous-LARV,ITN continuous,ITN continuous-LARV,increase in CM - ITN MRC continuous,increase in CM - ITN MRC continuous,ITN MRC continuous
27,Kilombero,Eastern,Morogoro,moderate,moderate,57,57,ITN continuous,increase in CM - ITN continuous,increase in CM - ITN continuous,27,27,57,57,57,57,27,27,27,27,91,91,83,ITN continuous,ITN continuous,increase in CM - ITN continuous,increase in CM - ITN continuous,increase in CM - ITN continuous,increase in CM - ITN continuous,ITN continuous,ITN continuous,ITN continuous,ITN continuous,increase in CM - ITN MRC continuous,increase in CM - ITN MRC continuous,ITN MRC continuous
27,Masasi Township Authority,Southern,Mtwara,high,high,57,57,ITN continuous,increase in CM - ITN continuous,increase in CM - ITN continuous,83,83,91,91,91,91,83,83,83,83,73,73,65,ITN MRC continuous,ITN MRC continuous,increase in CM - ITN MRC continuous,increase in CM - ITN MRC continuous,increase in CM - ITN MRC continuous,increase in CM - ITN MRC continuous,ITN MRC continuous,ITN MRC continuous,ITN MRC continuous,ITN MRC continuous,increase in CM - ITN continuous-IPTsc,increase in CM - ITN continuous-IPTsc,ITN continuous-IPTsc
27,Liwale,Southern,Lindi,high,high,57,57,ITN continuous,increase in CM - ITN continuous,increase in CM - ITN continuous,83,83,91,91,91,91,83,83,83,83,73,73,65,ITN MRC continuous,ITN MRC continuous,increase in CM - ITN MRC continuous,increase in CM - ITN MRC continuous,increase in CM - ITN MRC continuous,increase in CM - ITN MRC continuous,ITN MRC continuous,ITN MRC continuous,ITN MRC continuous,ITN MRC continuous,increase in CM - ITN continuous-IPTsc,increase in CM - ITN continuous-IPTsc,ITN continuous-IPTsc
27,Itilima,Lake,Simiyu,moderate,moderate,57,57,ITN continuous,increase in CM - ITN continuous,increase in CM - ITN continuous,27,27,57,57,57,57,27,27,27,27,91,91,83,ITN continuous,ITN continuous,increase in CM - ITN continuous,increase in CM - ITN continuous,increase in CM - ITN continuous,increase in CM - ITN continuous,ITN continuous,ITN continuous,ITN continuous,ITN continuous,increase in CM - ITN MRC continuous,increase in CM - ITN MRC continuous,ITN MRC continuous
27,Nanyamba TC,Southern,Mtwara,high,high,57,57,ITN continuous,increase in CM - ITN continuous,increase in CM - ITN continuous,83,83,91,91,91,91,83,83,83,83,73,73,65,ITN MRC continuous,ITN MRC continuous,increase in CM - ITN MRC continuous,increase in CM - ITN MRC continuous,increase in CM - ITN MRC continuous,increase in CM - ITN MRC continuous,ITN MRC continuous,ITN MRC continuous,ITN MRC continuous,ITN MRC continuous,increase in CM - ITN continuous-IPTsc,increase in CM - ITN continuous-IPTsc,ITN continuous-IPTsc
27,Lindi,Southern,Lindi,high,high,57,57,ITN continuous,increase in CM - ITN continuous,increase in CM - ITN continuous,83,83,91,91,91,91,83,83,83,83,73,73,65,ITN MRC continuous,ITN MRC continuous,increase in CM - ITN MRC continuous,increase in CM - ITN MRC continuous,increase in CM - ITN MRC continuous,increase in CM - ITN MRC continuous,ITN MRC continuous,ITN MRC continuous,ITN MRC continuous,ITN MRC continuous,increase in CM - ITN continuous-IPTsc,increase in CM - ITN continuous-IPTsc,ITN continuous-IPTsc
27,Kasulu,Western,Kigoma,high,high,57,57,ITN continuous,increase in CM - ITN continuous,increase in CM - ITN continuous,84,68,92,76,76,76,84,68,68,68,74,74,66,ITN MRC continuous-IRS,ITN MRC continuous-IRS-IPTsc,increase in CM - ITN MRC continuous-IRS,increase in CM - ITN MRC continuous-IRS-IPTsc,increase in CM - ITN MRC continuous-IRS-IPTsc,increase in CM - ITN MRC continuous-IRS-IPTsc,ITN MRC continuous-IRS,ITN MRC continuous-IRS-IPTsc,ITN MRC continuous-IRS-IPTsc,ITN MRC continuous-IRS-IPTsc,increase in CM - ITN continuous-IRS-IPTsc,increase in CM - ITN continuous-IRS-IPTsc,ITN continuous-IRS-IPTsc
27,Mvomero,Eastern,Morogoro,moderate,moderate,57,57,ITN continuous,increase in CM - ITN continuous,increase in CM - ITN continuous,27,27,57,57,57,57,27,27,27,27,91,91,83,ITN continuous,ITN continuous,increase in CM - ITN continuous,increase in CM - ITN continuous,increase in CM - ITN continuous,increase in CM - ITN continuous,ITN continuous,ITN continuous,ITN continuous,ITN continuous,increase in CM - ITN MRC continuous,increase in CM - ITN MRC continuous,ITN MRC continuous
27,Mbinga,Southern Highlands,Ruvuma,moderate,moderate,57,57,ITN continuous,increase in CM - ITN continuous,increase in CM - ITN continuous,27,27,57,57,57,57,27,27,27,27,91,91,83,ITN continuous,ITN continuous,increase in CM - ITN continuous,increase in CM - ITN continuous,increase in CM - ITN continuous,increase in CM - ITN continuous,ITN continuous,ITN continuous,ITN continuous,ITN continuous,increase in CM - ITN MRC continuous,increase in CM - ITN MRC continuous,ITN MRC continuous
27,Bagamoyo,Eastern,Pwani,moderate,moderate,57,57,ITN continuous,increase in CM - ITN continuous,increase in CM - ITN continuous,27,27,57,57,57,57,27,27,27,27,91,91,83,ITN continuous,ITN continuous,increase in CM - ITN continuous,increase in CM - ITN continuous,increase in CM - ITN continuous,increase in CM - ITN continuous,ITN continuous,ITN continuous,ITN continuous,ITN continuous,increase in CM - ITN MRC continuous,increase in CM - ITN MRC continuous,ITN MRC continuous
27,Kakonko,Western,Kigoma,high,high,57,57,ITN continuous,increase in CM - ITN continuous,increase in CM - ITN continuous,84,68,92,76,76,76,84,68,68,68,74,74,66,ITN MRC continuous-IRS,ITN MRC continuous-IRS-IPTsc,increase in CM - ITN MRC continuous-IRS,increase in CM - ITN MRC continuous-IRS-IPTsc,increase in CM - ITN MRC continuous-IRS-IPTsc,increase in CM - ITN MRC continuous-IRS-IPTsc,ITN MRC continuous-IRS,ITN MRC continuous-IRS-IPTsc,ITN MRC continuous-IRS-IPTsc,ITN MRC continuous-IRS-IPTsc,increase in CM - ITN continuous-IRS-IPTsc,increase in CM - ITN continuous-IRS-IPTsc,ITN continuous-IRS-IPTsc
27,Namtumbo,Southern Highlands,Ruvuma,high,high,57,57,ITN continuous,increase in CM - ITN continuous,increase in CM - ITN continuous,83,83,91,91,91,91,83,83,83,83,73,73,65,ITN MRC continuous,ITN MRC continuous,increase in CM - ITN MRC continuous,increase in CM - ITN MRC continuous,increase in CM - ITN MRC continuous,increase in CM - ITN MRC continuous,ITN MRC continuous,ITN MRC continuous,ITN MRC continuous,ITN MRC continuous,increase in CM - ITN continuous-IPTsc,increase in CM - ITN continuous-IPTsc,ITN continuous-IPTsc
27,Bariadi TC,Lake,Simiyu,moderate,moderate,57,57,ITN continuous,increase in CM - ITN continuous,increase in CM - ITN continuous,27,27,57,57,57,57,27,27,27,27,91,91,83,ITN continuous,ITN continuous,increase in CM - ITN continuous,increase in CM - ITN continuous,increase in CM - ITN continuous,increase in CM - ITN continuous,ITN continuous,ITN continuous,ITN continuous,ITN continuous,increase in CM - ITN MRC continuous,increase in CM - ITN MRC continuous,ITN MRC continuous
27,Igunga,Western,Tabora,moderate,moderate,57,57,ITN continuous,increase in CM - ITN continuous,increase in CM - ITN continuous,27,27,57,57,57,57,27,27,27,27,91,91,83,ITN continuous,ITN continuous,increase in CM - ITN continuous,increase in CM - ITN continuous,increase in CM - ITN continuous,increase in CM - ITN continuous,ITN continuous,ITN continuous,ITN continuous,ITN continuous,increase in CM - ITN MRC continuous,increase in CM - ITN MRC continuous,ITN MRC continuous
27,Uyui,Western,Tabora,high,high,57,57,ITN continuous,increase in CM - ITN continuous,increase in CM - ITN continuous,83,83,91,91,91,91,83,83,83,83,73,73,65,ITN MRC continuous,ITN MRC continuous,increase in CM - ITN MRC continuous,increase in CM - ITN MRC continuous,increase in CM - ITN MRC continuous,increase in CM - ITN MRC continuous,ITN MRC continuous,ITN MRC continuous,ITN MRC continuous,ITN MRC continuous,increase in CM - ITN continuous-IPTsc,increase in CM - ITN continuous-IPTsc,ITN continuous-IPTsc
27,Malinyi,Eastern,Morogoro,high,high,57,57,ITN continuous,increase in CM - ITN continuous,increase in CM - ITN continuous,83,83,91,91,91,91,83,83,83,83,73,73,65,ITN MRC continuous,ITN MRC continuous,increase in CM - ITN MRC continuous,increase in CM - ITN MRC continuous,increase in CM - ITN MRC continuous,increase in CM - ITN MRC continuous,ITN MRC continuous,ITN MRC continuous,ITN MRC continuous,ITN MRC continuous,increase in CM - ITN continuous-IPTsc,increase in CM - ITN continuous-IPTsc,ITN continuous-IPTsc
27,Nyasa,Southern Highlands,Ruvuma,high,high,57,57,ITN continuous,increase in CM - ITN continuous,increase in CM - ITN continuous,83,83,91,91,91,91,83,83,83,83,73,73,65,ITN MRC continuous,ITN MRC continuous,increase in CM - ITN MRC continuous,increase in CM - ITN MRC continuous,increase in CM - ITN MRC continuous,increase in CM - ITN MRC continuous,ITN MRC continuous,ITN MRC continuous,ITN MRC continuous,ITN MRC continuous,increase in CM - ITN continuous-IPTsc,increase in CM - ITN continuous-IPTsc,ITN continuous-IPTsc
27,Nzega,Western,Tabora,high,high,57,57,ITN continuous,increase in CM - ITN continuous,increase in CM - ITN continuous,83,83,91,91,91,91,83,83,83,83,73,73,65,ITN MRC continuous,ITN MRC continuous,increase in CM - ITN MRC continuous,increase in CM - ITN MRC continuous,increase in CM - ITN MRC continuous,increase in CM - ITN MRC continuous,ITN MRC continuous,ITN MRC continuous,ITN MRC continuous,ITN MRC continuous,increase in CM - ITN continuous-IPTsc,increase in CM - ITN continuous-IPTsc,ITN continuous-IPTsc
27,Kibaha Urban,Eastern,Pwani,moderate,moderate,57,57,ITN continuous,increase in CM - ITN continuous,increase in CM - ITN continuous,27,27,57,57,57,57,27,27,27,27,91,91,83,ITN continuous,ITN continuous,increase in CM - ITN continuous,increase in CM - ITN continuous,increase in CM - ITN continuous,increase in CM - ITN continuous,ITN continuous,ITN continuous,ITN continuous,ITN continuous,increase in CM - ITN MRC continuous,increase in CM - ITN MRC continuous,ITN MRC continuous
27,Mpanda,Southwest Highlands,Katavi,moderate,moderate,57,57,ITN continuous,increase in CM - ITN continuous,increase in CM - ITN continuous,27,27,57,57,57,57,27,27,27,27,91,91,83,ITN continuous,ITN continuous,increase in CM - ITN continuous,increase in CM - ITN continuous,increase in CM - ITN continuous,increase in CM - ITN continuous,ITN continuous,ITN continuous,ITN continuous,ITN continuous,increase in CM - ITN MRC continuous,increase in CM - ITN MRC continuous,ITN MRC continuous
27,Newala TC,Southern,Mtwara,moderate,moderate,57,57,ITN continuous,increase in CM - ITN continuous,increase in CM - ITN continuous,27,27,57,57,57,57,27,27,27,27,91,91,83,ITN continuous,ITN continuous,increase in CM - ITN continuous,increase in CM - ITN continuous,increase in CM - ITN continuous,increase in CM - ITN continuous,ITN continuous,ITN continuous,ITN continuous,ITN continuous,increase in CM - ITN MRC continuous,increase in CM - ITN MRC continuous,ITN MRC continuous
27,Mlele,Southwest Highlands,Katavi,high,high,57,57,ITN continuous,increase in CM - ITN continuous,increase in CM - ITN continuous,83,83,91,91,91,91,83,83,83,83,73,73,65,ITN MRC continuous,ITN MRC continuous,increase in CM - ITN MRC continuous,increase in CM - ITN MRC continuous,increase in CM - ITN MRC continuous,increase in CM - ITN MRC continuous,ITN MRC continuous,ITN MRC continuous,ITN MRC continuous,ITN MRC continuous,increase in CM - ITN continuous-IPTsc,increase in CM - ITN continuous-IPTsc,ITN continuous-IPTsc
27,Kigoma,Western,Kigoma,high,high,57,57,ITN continuous,increase in CM - ITN continuous,increase in CM - ITN continuous,84,68,92,76,76,76,84,68,68,68,74,74,66,ITN MRC continuous-IRS,ITN MRC continuous-IRS-IPTsc,increase in CM - ITN MRC continuous-IRS,increase in CM - ITN MRC continuous-IRS-IPTsc,increase in CM - ITN MRC continuous-IRS-IPTsc,increase in CM - ITN MRC continuous-IRS-IPTsc,ITN MRC continuous-IRS,ITN MRC continuous-IRS-IPTsc,ITN MRC continuous-IRS-IPTsc,ITN MRC continuous-IRS-IPTsc,increase in CM - ITN continuous-IRS-IPTsc,increase in CM - ITN continuous-IRS-IPTsc,ITN continuous-IRS-IPTsc
27,Ulanga,Eastern,Morogoro,high,high,57,57,ITN continuous,increase in CM - ITN continuous,increase in CM - ITN continuous,83,83,91,91,91,91,83,83,83,83,73,73,65,ITN MRC continuous,ITN MRC continuous,increase in CM - ITN MRC continuous,increase in CM - ITN MRC continuous,increase in CM - ITN MRC continuous,increase in CM - ITN MRC continuous,ITN MRC continuous,ITN MRC continuous,ITN MRC continuous,ITN MRC continuous,increase in CM - ITN continuous-IPTsc,increase in CM - ITN continuous-IPTsc,ITN continuous-IPTsc
27,Ifakara,Eastern,Morogoro,moderate,moderate,57,57,ITN continuous,increase in CM - ITN continuous,increase in CM - ITN continuous,27,27,57,57,57,57,27,27,27,27,91,91,83,ITN continuous,ITN continuous,increase in CM - ITN continuous,increase in CM - ITN continuous,increase in CM - ITN continuous,increase in CM - ITN continuous,ITN continuous,ITN continuous,ITN continuous,ITN continuous,increase in CM - ITN MRC continuous,increase in CM - ITN MRC continuous,ITN MRC continuous
27,Bariadi DC,Lake,Simiyu,high,high,57,57,ITN continuous,increase in CM - ITN continuous,increase in CM - ITN continuous,83,83,91,91,91,91,83,83,83,83,73,73,65,ITN MRC continuous,ITN MRC continuous,increase in CM - ITN MRC continuous,increase in CM - ITN MRC continuous,increase in CM - ITN MRC continuous,increase in CM - ITN MRC continuous,ITN MRC continuous,ITN MRC continuous,ITN MRC continuous,ITN MRC continuous,increase in CM - ITN continuous-IPTsc,increase in CM - ITN continuous-IPTsc,ITN continuous-IPTsc
27,Kaliua,Western,Tabora,high,high,57,57,ITN continuous,increase in CM - ITN continuous,increase in CM - ITN continuous,83,83,91,91,91,91,83,83,83,83,73,73,65,ITN MRC continuous,ITN MRC continuous,increase in CM - ITN MRC continuous,increase in CM - ITN MRC continuous,increase in CM - ITN MRC continuous,increase in CM - ITN MRC continuous,ITN MRC continuous,ITN MRC continuous,ITN MRC continuous,ITN MRC continuous,increase in CM - ITN continuous-IPTsc,increase in CM - ITN continuous-IPTsc,ITN continuous-IPTsc
27,Nsimbo,Southwest Highlands,Katavi,high,high,57,57,ITN continuous,increase in CM - ITN continuous,increase in CM - ITN continuous,83,83,91,91,91,91,83,83,83,83,73,73,65,ITN MRC continuous,ITN MRC continuous,increase in CM - ITN MRC continuous,increase in CM - ITN MRC continuous,increase in CM - ITN MRC continuous,increase in CM - ITN MRC continuous,ITN MRC continuous,ITN MRC continuous,ITN MRC continuous,ITN MRC continuous,increase in CM - ITN continuous-IPTsc,increase in CM - ITN continuous-IPTsc,ITN continuous-IPTsc
27,Tandahimba,Southern,Mtwara,high,high,57,57,ITN continuous,increase in CM - ITN continuous,increase in CM - ITN continuous,83,83,91,91,91,91,83,83,83,83,73,73,65,ITN MRC continuous,ITN MRC continuous,increase in CM - ITN MRC continuous,increase in CM - ITN MRC continuous,increase in CM - ITN MRC continuous,increase in CM - ITN MRC continuous,ITN MRC continuous,ITN MRC continuous,ITN MRC continuous,ITN MRC continuous,increase in CM - ITN continuous-IPTsc,increase in CM - ITN continuous-IPTsc,ITN continuous-IPTsc
27,Masasi,Southern,Mtwara,high,high,57,57,ITN continuous,increase in CM - ITN continuous,increase in CM - ITN continuous,83,83,91,91,91,91,83,83,83,83,73,73,65,ITN MRC continuous,ITN MRC continuous,increase in CM - ITN MRC continuous,increase in CM - ITN MRC continuous,increase in CM - ITN MRC continuous,increase in CM - ITN MRC continuous,ITN MRC continuous,ITN MRC continuous,ITN MRC continuous,ITN MRC continuous,increase in CM - ITN continuous-IPTsc,increase in CM - ITN continuous-IPTsc,ITN continuous-IPTsc
27,Mpimbwe,Southwest Highlands,Katavi,low,low,57,57,ITN continuous,increase in CM - ITN continuous,increase in CM - ITN continuous,49,49,49,49,51,51,19,19,21,19,87,87,79,increase in CM - ITN continuous-LARV,increase in CM - ITN continuous-LARV,increase in CM - ITN continuous-LARV,increase in CM - ITN continuous-LARV,increase in CM - ITN continuous,increase in CM - ITN continuous,ITN continuous-LARV,ITN continuous-LARV,ITN continuous,ITN continuous-LARV,increase in CM - ITN MRC continuous,increase in CM - ITN MRC continuous,ITN MRC continuous
27,Kishapu,Lake,Shinyanga,moderate,moderate,57,57,ITN continuous,increase in CM - ITN continuous,increase in CM - ITN continuous,27,27,57,57,57,57,27,27,27,27,91,91,83,ITN continuous,ITN continuous,increase in CM - ITN continuous,increase in CM - ITN continuous,increase in CM - ITN continuous,increase in CM - ITN continuous,ITN continuous,ITN continuous,ITN continuous,ITN continuous,increase in CM - ITN MRC continuous,increase in CM - ITN MRC continuous,ITN MRC continuous
27,Kibondo,Western,Kigoma,high,high,57,57,ITN continuous,increase in CM - ITN continuous,increase in CM - ITN continuous,84,68,92,76,76,76,84,68,68,68,74,74,66,ITN MRC continuous-IRS,ITN MRC continuous-IRS-IPTsc,increase in CM - ITN MRC continuous-IRS,increase in CM - ITN MRC continuous-IRS-IPTsc,increase in CM - ITN MRC continuous-IRS-IPTsc,increase in CM - ITN MRC continuous-IRS-IPTsc,ITN MRC continuous-IRS,ITN MRC continuous-IRS-IPTsc,ITN MRC continuous-IRS-IPTsc,ITN MRC continuous-IRS-IPTsc,increase in CM - ITN continuous-IRS-IPTsc,increase in CM - ITN continuous-IRS-IPTsc,ITN continuous-IRS-IPTsc
27,Mkuranga,Eastern,Pwani,high,high,57,57,ITN continuous,increase in CM - ITN continuous,increase in CM - ITN continuous,83,83,91,91,91,91,83,83,83,83,73,73,65,ITN MRC continuous,ITN MRC continuous,increase in CM - ITN MRC continuous,increase in CM - ITN MRC continuous,increase in CM - ITN MRC continuous,increase in CM - ITN MRC continuous,ITN MRC continuous,ITN MRC continuous,ITN MRC continuous,ITN MRC continuous,increase in CM - ITN continuous-IPTsc,increase in CM - ITN continuous-IPTsc,ITN continuous-IPTsc
27,Madaba,Southern Highlands,Ruvuma,moderate,moderate,57,57,ITN continuous,increase in CM - ITN continuous,increase in CM - ITN continuous,27,27,57,57,57,57,27,27,27,27,91,91,83,ITN continuous,ITN continuous,increase in CM - ITN continuous,increase in CM - ITN continuous,increase in CM - ITN continuous,increase in CM - ITN continuous,ITN continuous,ITN continuous,ITN continuous,ITN continuous,increase in CM - ITN MRC continuous,increase in CM - ITN MRC continuous,ITN MRC continuous
27,Mafia,Eastern,Pwani,high,high,57,57,ITN continuous,increase in CM - ITN continuous,increase in CM - ITN continuous,83,83,91,91,91,91,83,83,83,83,73,73,65,ITN MRC continuous,ITN MRC continuous,increase in CM - ITN MRC continuous,increase in CM - ITN MRC continuous,increase in CM - ITN MRC continuous,increase in CM - ITN MRC continuous,ITN MRC continuous,ITN MRC continuous,ITN MRC continuous,ITN MRC continuous,increase in CM - ITN continuous-IPTsc,increase in CM - ITN continuous-IPTsc,ITN continuous-IPTsc
27,Kahama TC,Lake,Shinyanga,moderate,moderate,57,57,ITN continuous,increase in CM - ITN continuous,increase in CM - ITN continuous,27,27,57,57,57,57,27,27,27,27,91,91,83,ITN continuous,ITN continuous,increase in CM - ITN continuous,increase in CM - ITN continuous,increase in CM - ITN continuous,increase in CM - ITN continuous,ITN continuous,ITN continuous,ITN continuous,ITN continuous,increase in CM - ITN MRC continuous,increase in CM - ITN MRC continuous,ITN MRC continuous
27,Rufiji,Eastern,Pwani,high,high,57,57,ITN continuous,increase in CM - ITN continuous,increase in CM - ITN continuous,83,83,91,91,91,91,83,83,83,83,73,73,65,ITN MRC continuous,ITN MRC continuous,increase in CM - ITN MRC continuous,increase in CM - ITN MRC continuous,increase in CM - ITN MRC continuous,increase in CM - ITN MRC continuous,ITN MRC continuous,ITN MRC continuous,ITN MRC continuous,ITN MRC continuous,increase in CM - ITN continuous-IPTsc,increase in CM - ITN continuous-IPTsc,ITN continuous-IPTsc
27,Urambo,Western,Tabora,high,high,57,57,ITN continuous,increase in CM - ITN continuous,increase in CM - ITN continuous,83,83,91,91,91,91,83,83,83,83,73,73,65,ITN MRC continuous,ITN MRC continuous,increase in CM - ITN MRC continuous,increase in CM - ITN MRC continuous,increase in CM - ITN MRC continuous,increase in CM - ITN MRC continuous,ITN MRC continuous,ITN MRC continuous,ITN MRC continuous,ITN MRC continuous,increase in CM - ITN continuous-IPTsc,increase in CM - ITN continuous-IPTsc,ITN continuous-IPTsc
27,Chalinze,Eastern,Pwani,moderate,moderate,57,57,ITN continuous,increase in CM - ITN continuous,increase in CM - ITN continuous,27,27,57,57,57,57,27,27,27,27,91,91,83,ITN continuous,ITN continuous,increase in CM - ITN continuous,increase in CM - ITN continuous,increase in CM - ITN continuous,increase in CM - ITN continuous,ITN continuous,ITN continuous,ITN continuous,ITN continuous,increase in CM - ITN MRC continuous,increase in CM - ITN MRC continuous,ITN MRC continuous
27,Ushetu,Lake,Shinyanga,high,high,57,57,ITN continuous,increase in CM - ITN continuous,increase in CM - ITN continuous,83,83,91,91,91,91,83,83,83,83,73,73,65,ITN MRC continuous,ITN MRC continuous,increase in CM - ITN MRC continuous,increase in CM - ITN MRC continuous,increase in CM - ITN MRC continuous,increase in CM - ITN MRC continuous,ITN MRC continuous,ITN MRC continuous,ITN MRC continuous,ITN MRC continuous,increase in CM - ITN continuous-IPTsc,increase in CM - ITN continuous-IPTsc,ITN continuous-IPTsc
27,Uvinza,Western,Kigoma,high,high,57,57,ITN continuous,increase in CM - ITN continuous,increase in CM - ITN continuous,84,68,92,76,76,76,84,68,68,68,74,74,66,ITN MRC continuous-IRS,ITN MRC continuous-IRS-IPTsc,increase in CM - ITN MRC continuous-IRS,increase in CM - ITN MRC continuous-IRS-IPTsc,increase in CM - ITN MRC continuous-IRS-IPTsc,increase in CM - ITN MRC continuous-IRS-IPTsc,ITN MRC continuous-IRS,ITN MRC continuous-IRS-IPTsc,ITN MRC continuous-IRS-IPTsc,ITN MRC continuous-IRS-IPTsc,increase in CM - ITN continuous-IRS-IPTsc,increase in CM - ITN continuous-IRS-IPTsc,ITN continuous-IRS-IPTsc
27,Kilwa,Southern,Lindi,high,high,57,57,ITN continuous,increase in CM - ITN continuous,increase in CM - ITN continuous,83,83,91,91,91,91,83,83,83,83,73,73,65,ITN MRC continuous,ITN MRC continuous,increase in CM - ITN MRC continuous,increase in CM - ITN MRC continuous,increase in CM - ITN MRC continuous,increase in CM - ITN MRC continuous,ITN MRC continuous,ITN MRC continuous,ITN MRC continuous,ITN MRC continuous,increase in CM - ITN continuous-IPTsc,increase in CM - ITN continuous-IPTsc,ITN continuous-IPTsc
27,Nachingwea,Southern,Lindi,high,high,57,57,ITN continuous,increase in CM - ITN continuous,increase in CM - ITN continuous,83,83,91,91,91,91,83,83,83,83,73,73,65,ITN MRC continuous,ITN MRC continuous,increase in CM - ITN MRC continuous,increase in CM - ITN MRC continuous,increase in CM - ITN MRC continuous,increase in CM - ITN MRC continuous,ITN MRC continuous,ITN MRC continuous,ITN MRC continuous,ITN MRC continuous,increase in CM - ITN continuous-IPTsc,increase in CM - ITN continuous-IPTsc,ITN continuous-IPTsc
27,Mtwara DC,Southern,Mtwara,high,high,57,57,ITN continuous,increase in CM - ITN continuous,increase in CM - ITN continuous,83,83,91,91,91,91,83,83,83,83,73,73,65,ITN MRC continuous,ITN MRC continuous,increase in CM - ITN MRC continuous,increase in CM - ITN MRC continuous,increase in CM - ITN MRC continuous,increase in CM - ITN MRC continuous,ITN MRC continuous,ITN MRC continuous,ITN MRC continuous,ITN MRC continuous,increase in CM - ITN continuous-IPTsc,increase in CM - ITN continuous-IPTsc,ITN continuous-IPTsc
27,Nanyumbu,Southern,Mtwara,high,high,57,57,ITN continuous,increase in CM - ITN continuous,increase in CM - ITN continuous,83,83,91,91,91,91,83,83,83,83,73,73,65,ITN MRC continuous,ITN MRC continuous,increase in CM - ITN MRC continuous,increase in CM - ITN MRC continuous,increase in CM - ITN MRC continuous,increase in CM - ITN MRC continuous,ITN MRC continuous,ITN MRC continuous,ITN MRC continuous,ITN MRC continuous,increase in CM - ITN continuous-IPTsc,increase in CM - ITN continuous-IPTsc,ITN continuous-IPTsc
27,Kibiti,Eastern,Pwani,high,high,57,57,ITN continuous,increase in CM - ITN continuous,increase in CM - ITN continuous,83,83,91,91,91,91,83,83,83,83,73,73,65,ITN MRC continuous,ITN MRC continuous,increase in CM - ITN MRC continuous,increase in CM - ITN MRC continuous,increase in CM - ITN MRC continuous,increase in CM - ITN MRC continuous,ITN MRC continuous,ITN MRC continuous,ITN MRC continuous,ITN MRC continuous,increase in CM - ITN continuous-IPTsc,increase in CM - ITN continuous-IPTsc,ITN continuous-IPTsc
27,Tunduru,Southern Highlands,Ruvuma,high,high,57,57,ITN continuous,increase in CM - ITN continuous,increase in CM - ITN continuous,83,83,91,91,91,91,83,83,83,83,73,73,65,ITN MRC continuous,ITN MRC continuous,increase in CM - ITN MRC continuous,increase in CM - ITN MRC continuous,increase in CM - ITN MRC continuous,increase in CM - ITN MRC continuous,ITN MRC continuous,ITN MRC continuous,ITN MRC continuous,ITN MRC continuous,increase in CM - ITN continuous-IPTsc,increase in CM - ITN continuous-IPTsc,ITN continuous-IPTsc
27,Mbinga TC,Southern Highlands,Ruvuma,moderate,moderate,57,57,ITN continuous,increase in CM - ITN continuous,increase in CM - ITN continuous,27,27,57,57,57,57,27,27,27,27,91,91,83,ITN continuous,ITN continuous,increase in CM - ITN continuous,increase in CM - ITN continuous,increase in CM - ITN continuous,increase in CM - ITN continuous,ITN continuous,ITN continuous,ITN continuous,ITN continuous,increase in CM - ITN MRC continuous,increase in CM - ITN MRC continuous,ITN MRC continuous
27,Nzega TC,Western,Tabora,high,high,57,57,ITN continuous,increase in CM - ITN continuous,increase in CM - ITN continuous,83,83,91,91,91,91,83,83,83,83,73,73,65,ITN MRC continuous,ITN MRC continuous,increase in CM - ITN MRC continuous,increase in CM - ITN MRC continuous,increase in CM - ITN MRC continuous,increase in CM - ITN MRC continuous,ITN MRC continuous,ITN MRC continuous,ITN MRC continuous,ITN MRC continuous,increase in CM - ITN continuous-IPTsc,increase in CM - ITN continuous-IPTsc,ITN continuous-IPTsc
27,Morogoro,Eastern,Morogoro,high,high,57,57,ITN continuous,increase in CM - ITN continuous,increase in CM - ITN continuous,83,83,91,91,91,91,83,83,83,83,73,73,65,ITN MRC continuous,ITN MRC continuous,increase in CM - ITN MRC continuous,increase in CM - ITN MRC continuous,increase in CM - ITN MRC continuous,increase in CM - ITN MRC continuous,ITN MRC continuous,ITN MRC continuous,ITN MRC continuous,ITN MRC continuous,increase in CM - ITN continuous-IPTsc,increase in CM - ITN continuous-IPTsc,ITN continuous-IPTsc
27,Newala DC,Southern,Mtwara,high,high,57,57,ITN continuous,increase in CM - ITN continuous,increase in CM - ITN continuous,83,83,91,91,91,91,83,83,83,83,73,73,65,ITN MRC continuous,ITN MRC continuous,increase in CM - ITN MRC continuous,increase in CM - ITN MRC continuous,increase in CM - ITN MRC continuous,increase in CM - ITN MRC continuous,ITN MRC continuous,ITN MRC continuous,ITN MRC continuous,ITN MRC continuous,increase in CM - ITN continuous-IPTsc,increase in CM - ITN continuous-IPTsc,ITN continuous-IPTsc
27,Ruangwa,Southern,Lindi,high,high,57,57,ITN continuous,increase in CM - ITN continuous,increase in CM - ITN continuous,83,83,91,91,91,91,83,83,83,83,73,73,65,ITN MRC continuous,ITN MRC continuous,increase in CM - ITN MRC continuous,increase in CM - ITN MRC continuous,increase in CM - ITN MRC continuous,increase in CM - ITN MRC continuous,ITN MRC continuous,ITN MRC continuous,ITN MRC continuous,ITN MRC continuous,increase in CM - ITN continuous-IPTsc,increase in CM - ITN continuous-IPTsc,ITN continuous-IPTsc
27,Shinyanga,Lake,Shinyanga,high,high,57,57,ITN continuous,increase in CM - ITN continuous,increase in CM - ITN continuous,83,83,91,91,91,91,83,83,83,83,73,73,65,ITN MRC continuous,ITN MRC continuous,increase in CM - ITN MRC continuous,increase in CM - ITN MRC continuous,increase in CM - ITN MRC continuous,increase in CM - ITN MRC continuous,ITN MRC continuous,ITN MRC continuous,ITN MRC continuous,ITN MRC continuous,increase in CM - ITN continuous-IPTsc,increase in CM - ITN continuous-IPTsc,ITN continuous-IPTsc
27,Msalala,Lake,Shinyanga,high,high,57,57,ITN continuous,increase in CM - ITN continuous,increase in CM - ITN continuous,83,83,91,91,91,91,83,83,83,83,73,73,65,ITN MRC continuous,ITN MRC continuous,increase in CM - ITN MRC continuous,increase in CM - ITN MRC continuous,increase in CM - ITN MRC continuous,increase in CM - ITN MRC continuous,ITN MRC continuous,ITN MRC continuous,ITN MRC continuous,ITN MRC continuous,increase in CM - ITN continuous-IPTsc,increase in CM - ITN continuous-IPTsc,ITN continuous-IPTsc
27,Sikonge,Western,Tabora,high,high,57,57,ITN continuous,increase in CM - ITN continuous,increase in CM - ITN continuous,83,83,91,91,91,91,83,83,83,83,73,73,65,ITN MRC continuous,ITN MRC continuous,increase in CM - ITN MRC continuous,increase in CM - ITN MRC continuous,increase in CM - ITN MRC continuous,increase in CM - ITN MRC continuous,ITN MRC continuous,ITN MRC continuous,ITN MRC continuous,ITN MRC continuous,increase in CM - ITN continuous-IPTsc,increase in CM - ITN continuous-IPTsc,ITN continuous-IPTsc
27,Songea DC,Southern Highlands,Ruvuma,high,high,57,57,ITN continuous,increase in CM - ITN continuous,increase in CM - ITN continuous,83,83,91,91,91,91,83,83,83,83,73,73,65,ITN MRC continuous,ITN MRC continuous,increase in CM - ITN MRC continuous,increase in CM - ITN MRC continuous,increase in CM - ITN MRC continuous,increase in CM - ITN MRC continuous,ITN MRC continuous,ITN MRC continuous,ITN MRC continuous,ITN MRC continuous,increase in CM - ITN continuous-IPTsc,increase in CM - ITN continuous-IPTsc,ITN continuous-IPTsc
30,Tarime TC,Lake,Mara,moderate,moderate,60,60,ITN continuous-IRS,increase in CM - ITN continuous-IRS,increase in CM - ITN continuous-IRS,27,27,57,57,57,57,27,27,27,27,91,91,83,ITN continuous,ITN continuous,increase in CM - ITN continuous,increase in CM - ITN continuous,increase in CM - ITN continuous,increase in CM - ITN continuous,ITN continuous,ITN continuous,ITN continuous,ITN continuous,increase in CM - ITN MRC continuous,increase in CM - ITN MRC continuous,ITN MRC continuous
30,Bunda TC,Lake,Mara,moderate,moderate,60,60,ITN continuous-IRS,increase in CM - ITN continuous-IRS,increase in CM - ITN continuous-IRS,27,27,57,57,57,57,27,27,27,27,91,91,83,ITN continuous,ITN continuous,increase in CM - ITN continuous,increase in CM - ITN continuous,increase in CM - ITN continuous,increase in CM - ITN continuous,ITN continuous,ITN continuous,ITN continuous,ITN continuous,increase in CM - ITN MRC continuous,increase in CM - ITN MRC continuous,ITN MRC continuous
30,Biharamulo,Lake,Kagera,high,high,60,60,ITN continuous-IRS,increase in CM - ITN continuous-IRS,increase in CM - ITN continuous-IRS,84,68,92,76,76,76,84,68,68,68,74,74,66,ITN MRC continuous-IRS,ITN MRC continuous-IRS-IPTsc,increase in CM - ITN MRC continuous-IRS,increase in CM - ITN MRC continuous-IRS-IPTsc,increase in CM - ITN MRC continuous-IRS-IPTsc,increase in CM - ITN MRC continuous-IRS-IPTsc,ITN MRC continuous-IRS,ITN MRC continuous-IRS-IPTsc,ITN MRC continuous-IRS-IPTsc,ITN MRC continuous-IRS-IPTsc,increase in CM - ITN continuous-IRS-IPTsc,increase in CM - ITN continuous-IRS-IPTsc,ITN continuous-IRS-IPTsc
30,Kyerwa,Lake,Kagera,high,high,60,60,ITN continuous-IRS,increase in CM - ITN continuous-IRS,increase in CM - ITN continuous-IRS,84,68,92,76,76,76,84,68,68,68,74,74,66,ITN MRC continuous-IRS,ITN MRC continuous-IRS-IPTsc,increase in CM - ITN MRC continuous-IRS,increase in CM - ITN MRC continuous-IRS-IPTsc,increase in CM - ITN MRC continuous-IRS-IPTsc,increase in CM - ITN MRC continuous-IRS-IPTsc,ITN MRC continuous-IRS,ITN MRC continuous-IRS-IPTsc,ITN MRC continuous-IRS-IPTsc,ITN MRC continuous-IRS-IPTsc,increase in CM - ITN continuous-IRS-IPTsc,increase in CM - ITN continuous-IRS-IPTsc,ITN continuous-IRS-IPTsc
30,Magu,Lake,Mwanza,moderate,moderate,60,60,ITN continuous-IRS,increase in CM - ITN continuous-IRS,increase in CM - ITN continuous-IRS,27,27,57,57,57,57,27,27,27,27,91,91,83,ITN continuous,ITN continuous,increase in CM - ITN continuous,increase in CM - ITN continuous,increase in CM - ITN continuous,increase in CM - ITN continuous,ITN continuous,ITN continuous,ITN continuous,ITN continuous,increase in CM - ITN MRC continuous,increase in CM - ITN MRC continuous,ITN MRC continuous
30,Bukoba,Lake,Kagera,high,high,60,60,ITN continuous-IRS,increase in CM - ITN continuous-IRS,increase in CM - ITN continuous-IRS,84,68,92,76,76,76,84,68,68,68,74,74,66,ITN MRC continuous-IRS,ITN MRC continuous-IRS-IPTsc,increase in CM - ITN MRC continuous-IRS,increase in CM - ITN MRC continuous-IRS-IPTsc,increase in CM - ITN MRC continuous-IRS-IPTsc,increase in CM - ITN MRC continuous-IRS-IPTsc,ITN MRC continuous-IRS,ITN MRC continuous-IRS-IPTsc,ITN MRC continuous-IRS-IPTsc,ITN MRC continuous-IRS-IPTsc,increase in CM - ITN continuous-IRS-IPTsc,increase in CM - ITN continuous-IRS-IPTsc,ITN continuous-IRS-IPTsc
30,Misungwi,Lake,Mwanza,high,high,60,60,ITN continuous-IRS,increase in CM - ITN continuous-IRS,increase in CM - ITN continuous-IRS,84,68,92,76,76,76,84,68,68,68,74,74,66,ITN MRC continuous-IRS,ITN MRC continuous-IRS-IPTsc,increase in CM - ITN MRC continuous-IRS,increase in CM - ITN MRC continuous-IRS-IPTsc,increase in CM - ITN MRC continuous-IRS-IPTsc,increase in CM - ITN MRC continuous-IRS-IPTsc,ITN MRC continuous-IRS,ITN MRC continuous-IRS-IPTsc,ITN MRC continuous-IRS-IPTsc,ITN MRC continuous-IRS-IPTsc,increase in CM - ITN continuous-IRS-IPTsc,increase in CM - ITN continuous-IRS-IPTsc,ITN continuous-IRS-IPTsc
30,Chato,Lake,Geita,high,high,60,60,ITN continuous-IRS,increase in CM - ITN continuous-IRS,increase in CM - ITN continuous-IRS,84,68,92,76,76,76,84,68,68,68,74,74,66,ITN MRC continuous-IRS,ITN MRC continuous-IRS-IPTsc,increase in CM - ITN MRC continuous-IRS,increase in CM - ITN MRC continuous-IRS-IPTsc,increase in CM - ITN MRC continuous-IRS-IPTsc,increase in CM - ITN MRC continuous-IRS-IPTsc,ITN MRC continuous-IRS,ITN MRC continuous-IRS-IPTsc,ITN MRC continuous-IRS-IPTsc,ITN MRC continuous-IRS-IPTsc,increase in CM - ITN continuous-IRS-IPTsc,increase in CM - ITN continuous-IRS-IPTsc,ITN continuous-IRS-IPTsc
30,Kwimba,Lake,Mwanza,moderate,moderate,60,60,ITN continuous-IRS,increase in CM - ITN continuous-IRS,increase in CM - ITN continuous-IRS,27,27,57,57,57,57,27,27,27,27,91,91,83,ITN continuous,ITN continuous,increase in CM - ITN continuous,increase in CM - ITN continuous,increase in CM - ITN continuous,increase in CM - ITN continuous,ITN continuous,ITN continuous,ITN continuous,ITN continuous,increase in CM - ITN MRC continuous,increase in CM - ITN MRC continuous,ITN MRC continuous
30,Rorya,Lake,Mara,high,high,60,60,ITN continuous-IRS,increase in CM - ITN continuous-IRS,increase in CM - ITN continuous-IRS,84,68,92,76,76,76,84,68,68,68,74,74,66,ITN MRC continuous-IRS,ITN MRC continuous-IRS-IPTsc,increase in CM - ITN MRC continuous-IRS,increase in CM - ITN MRC continuous-IRS-IPTsc,increase in CM - ITN MRC continuous-IRS-IPTsc,increase in CM - ITN MRC continuous-IRS-IPTsc,ITN MRC continuous-IRS,ITN MRC continuous-IRS-IPTsc,ITN MRC continuous-IRS-IPTsc,ITN MRC continuous-IRS-IPTsc,increase in CM - ITN continuous-IRS-IPTsc,increase in CM - ITN continuous-IRS-IPTsc,ITN continuous-IRS-IPTsc
30,Karagwe,Lake,Kagera,high,high,60,60,ITN continuous-IRS,increase in CM - ITN continuous-IRS,increase in CM - ITN continuous-IRS,84,68,92,76,76,76,84,68,68,68,74,74,66,ITN MRC continuous-IRS,ITN MRC continuous-IRS-IPTsc,increase in CM - ITN MRC continuous-IRS,increase in CM - ITN MRC continuous-IRS-IPTsc,increase in CM - ITN MRC continuous-IRS-IPTsc,increase in CM - ITN MRC continuous-IRS-IPTsc,ITN MRC continuous-IRS,ITN MRC continuous-IRS-IPTsc,ITN MRC continuous-IRS-IPTsc,ITN MRC continuous-IRS-IPTsc,increase in CM - ITN continuous-IRS-IPTsc,increase in CM - ITN continuous-IRS-IPTsc,ITN continuous-IRS-IPTsc
30,Buchosa DC,Lake,Mwanza,high,high,60,60,ITN continuous-IRS,increase in CM - ITN continuous-IRS,increase in CM - ITN continuous-IRS,84,68,92,76,76,76,84,68,68,68,74,74,66,ITN MRC continuous-IRS,ITN MRC continuous-IRS-IPTsc,increase in CM - ITN MRC continuous-IRS,increase in CM - ITN MRC continuous-IRS-IPTsc,increase in CM - ITN MRC continuous-IRS-IPTsc,increase in CM - ITN MRC continuous-IRS-IPTsc,ITN MRC continuous-IRS,ITN MRC continuous-IRS-IPTsc,ITN MRC continuous-IRS-IPTsc,ITN MRC continuous-IRS-IPTsc,increase in CM - ITN continuous-IRS-IPTsc,increase in CM - ITN continuous-IRS-IPTsc,ITN continuous-IRS-IPTsc
30,Musoma,Lake,Mara,high,high,60,60,ITN continuous-IRS,increase in CM - ITN continuous-IRS,increase in CM - ITN continuous-IRS,84,68,92,76,76,76,84,68,68,68,74,74,66,ITN MRC continuous-IRS,ITN MRC continuous-IRS-IPTsc,increase in CM - ITN MRC continuous-IRS,increase in CM - ITN MRC continuous-IRS-IPTsc,increase in CM - ITN MRC continuous-IRS-IPTsc,increase in CM - ITN MRC continuous-IRS-IPTsc,ITN MRC continuous-IRS,ITN MRC continuous-IRS-IPTsc,ITN MRC continuous-IRS-IPTsc,ITN MRC continuous-IRS-IPTsc,increase in CM - ITN continuous-IRS-IPTsc,increase in CM - ITN continuous-IRS-IPTsc,ITN continuous-IRS-IPTsc
30,Tarime,Lake,Mara,high,high,60,60,ITN continuous-IRS,increase in CM - ITN continuous-IRS,increase in CM - ITN continuous-IRS,84,68,92,76,76,76,84,68,68,68,74,74,66,ITN MRC continuous-IRS,ITN MRC continuous-IRS-IPTsc,increase in CM - ITN MRC continuous-IRS,increase in CM - ITN MRC continuous-IRS-IPTsc,increase in CM - ITN MRC continuous-IRS-IPTsc,increase in CM - ITN MRC continuous-IRS-IPTsc,ITN MRC continuous-IRS,ITN MRC continuous-IRS-IPTsc,ITN MRC continuous-IRS-IPTsc,ITN MRC continuous-IRS-IPTsc,increase in CM - ITN continuous-IRS-IPTsc,increase in CM - ITN continuous-IRS-IPTsc,ITN continuous-IRS-IPTsc
30,Mbogwe,Lake,Geita,high,high,60,60,ITN continuous-IRS,increase in CM - ITN continuous-IRS,increase in CM - ITN continuous-IRS,84,68,92,76,76,76,84,68,68,68,74,74,66,ITN MRC continuous-IRS,ITN MRC continuous-IRS-IPTsc,increase in CM - ITN MRC continuous-IRS,increase in CM - ITN MRC continuous-IRS-IPTsc,increase in CM - ITN MRC continuous-IRS-IPTsc,increase in CM - ITN MRC continuous-IRS-IPTsc,ITN MRC continuous-IRS,ITN MRC continuous-IRS-IPTsc,ITN MRC continuous-IRS-IPTsc,ITN MRC continuous-IRS-IPTsc,increase in CM - ITN continuous-IRS-IPTsc,increase in CM - ITN continuous-IRS-IPTsc,ITN continuous-IRS-IPTsc
30,Geita,Lake,Geita,high,high,60,60,ITN continuous-IRS,increase in CM - ITN continuous-IRS,increase in CM - ITN continuous-IRS,84,68,92,76,76,76,84,68,68,68,74,74,66,ITN MRC continuous-IRS,ITN MRC continuous-IRS-IPTsc,increase in CM - ITN MRC continuous-IRS,increase in CM - ITN MRC continuous-IRS-IPTsc,increase in CM - ITN MRC continuous-IRS-IPTsc,increase in CM - ITN MRC continuous-IRS-IPTsc,ITN MRC continuous-IRS,ITN MRC continuous-IRS-IPTsc,ITN MRC continuous-IRS-IPTsc,ITN MRC continuous-IRS-IPTsc,increase in CM - ITN continuous-IRS-IPTsc,increase in CM - ITN continuous-IRS-IPTsc,ITN continuous-IRS-IPTsc
30,Missenyi,Lake,Kagera,high,high,60,60,ITN continuous-IRS,increase in CM - ITN continuous-IRS,increase in CM - ITN continuous-IRS,84,68,92,76,76,76,84,68,68,68,74,74,66,ITN MRC continuous-IRS,ITN MRC continuous-IRS-IPTsc,increase in CM - ITN MRC continuous-IRS,increase in CM - ITN MRC continuous-IRS-IPTsc,increase in CM - ITN MRC continuous-IRS-IPTsc,increase in CM - ITN MRC continuous-IRS-IPTsc,ITN MRC continuous-IRS,ITN MRC continuous-IRS-IPTsc,ITN MRC continuous-IRS-IPTsc,ITN MRC continuous-IRS-IPTsc,increase in CM - ITN continuous-IRS-IPTsc,increase in CM - ITN continuous-IRS-IPTsc,ITN continuous-IRS-IPTsc
30,Bunda DC,Lake,Mara,high,high,60,60,ITN continuous-IRS,increase in CM - ITN continuous-IRS,increase in CM - ITN continuous-IRS,84,68,92,76,76,76,84,68,68,68,74,74,66,ITN MRC continuous-IRS,ITN MRC continuous-IRS-IPTsc,increase in CM - ITN MRC continuous-IRS,increase in CM - ITN MRC continuous-IRS-IPTsc,increase in CM - ITN MRC continuous-IRS-IPTsc,increase in CM - ITN MRC continuous-IRS-IPTsc,ITN MRC continuous-IRS,ITN MRC continuous-IRS-IPTsc,ITN MRC continuous-IRS-IPTsc,ITN MRC continuous-IRS-IPTsc,increase in CM - ITN continuous-IRS-IPTsc,increase in CM - ITN continuous-IRS-IPTsc,ITN continuous-IRS-IPTsc
30,Serengeti,Lake,Mara,high,high,60,60,ITN continuous-IRS,increase in CM - ITN continuous-IRS,increase in CM - ITN continuous-IRS,84,68,92,76,76,76,84,68,68,68,74,74,66,ITN MRC continuous-IRS,ITN MRC continuous-IRS-IPTsc,increase in CM - ITN MRC continuous-IRS,increase in CM - ITN MRC continuous-IRS-IPTsc,increase in CM - ITN MRC continuous-IRS-IPTsc,increase in CM - ITN MRC continuous-IRS-IPTsc,ITN MRC continuous-IRS,ITN MRC continuous-IRS-IPTsc,ITN MRC continuous-IRS-IPTsc,ITN MRC continuous-IRS-IPTsc,increase in CM - ITN continuous-IRS-IPTsc,increase in CM - ITN continuous-IRS-IPTsc,ITN continuous-IRS-IPTsc
30,Ukerewe,Lake,Mwanza,high,high,60,60,ITN continuous-IRS,increase in CM - ITN continuous-IRS,increase in CM - ITN continuous-IRS,84,68,92,76,76,76,84,68,68,68,74,74,66,ITN MRC continuous-IRS,ITN MRC continuous-IRS-IPTsc,increase in CM - ITN MRC continuous-IRS,increase in CM - ITN MRC continuous-IRS-IPTsc,increase in CM - ITN MRC continuous-IRS-IPTsc,increase in CM - ITN MRC continuous-IRS-IPTsc,ITN MRC continuous-IRS,ITN MRC continuous-IRS-IPTsc,ITN MRC continuous-IRS-IPTsc,ITN MRC continuous-IRS-IPTsc,increase in CM - ITN continuous-IRS-IPTsc,increase in CM - ITN continuous-IRS-IPTsc,ITN continuous-IRS-IPTsc
30,Muleba,Lake,Kagera,high,high,60,60,ITN continuous-IRS,increase in CM - ITN continuous-IRS,increase in CM - ITN continuous-IRS,84,68,92,76,76,76,84,68,68,68,74,74,66,ITN MRC continuous-IRS,ITN MRC continuous-IRS-IPTsc,increase in CM - ITN MRC continuous-IRS,increase in CM - ITN MRC continuous-IRS-IPTsc,increase in CM - ITN MRC continuous-IRS-IPTsc,increase in CM - ITN MRC continuous-IRS-IPTsc,ITN MRC continuous-IRS,ITN MRC continuous-IRS-IPTsc,ITN MRC continuous-IRS-IPTsc,ITN MRC continuous-IRS-IPTsc,increase in CM - ITN continuous-IRS-IPTsc,increase in CM - ITN continuous-IRS-IPTsc,ITN continuous-IRS-IPTsc
30,Butiama,Lake,Mara,high,high,60,60,ITN continuous-IRS,increase in CM - ITN continuous-IRS,increase in CM - ITN continuous-IRS,84,68,92,76,76,76,84,68,68,68,74,74,66,ITN MRC continuous-IRS,ITN MRC continuous-IRS-IPTsc,increase in CM - ITN MRC continuous-IRS,increase in CM - ITN MRC continuous-IRS-IPTsc,increase in CM - ITN MRC continuous-IRS-IPTsc,increase in CM - ITN MRC continuous-IRS-IPTsc,ITN MRC continuous-IRS,ITN MRC continuous-IRS-IPTsc,ITN MRC continuous-IRS-IPTsc,ITN MRC continuous-IRS-IPTsc,increase in CM - ITN continuous-IRS-IPTsc,increase in CM - ITN continuous-IRS-IPTsc,ITN continuous-IRS-IPTsc
30,Sengerema DC,Lake,Mwanza,high,high,60,60,ITN continuous-IRS,increase in CM - ITN continuous-IRS,increase in CM - ITN continuous-IRS,84,68,92,76,76,76,84,68,68,68,74,74,66,ITN MRC continuous-IRS,ITN MRC continuous-IRS-IPTsc,increase in CM - ITN MRC continuous-IRS,increase in CM - ITN MRC continuous-IRS-IPTsc,increase in CM - ITN MRC continuous-IRS-IPTsc,increase in CM - ITN MRC continuous-IRS-IPTsc,ITN MRC continuous-IRS,ITN MRC continuous-IRS-IPTsc,ITN MRC continuous-IRS-IPTsc,ITN MRC continuous-IRS-IPTsc,increase in CM - ITN continuous-IRS-IPTsc,increase in CM - ITN continuous-IRS-IPTsc,ITN continuous-IRS-IPTsc
30,Ngara,Lake,Kagera,high,high,60,60,ITN continuous-IRS,increase in CM - ITN continuous-IRS,increase in CM - ITN continuous-IRS,84,68,92,76,76,76,84,68,68,68,74,74,66,ITN MRC continuous-IRS,ITN MRC continuous-IRS-IPTsc,increase in CM - ITN MRC continuous-IRS,increase in CM - ITN MRC continuous-IRS-IPTsc,increase in CM - ITN MRC continuous-IRS-IPTsc,increase in CM - ITN MRC continuous-IRS-IPTsc,ITN MRC continuous-IRS,ITN MRC continuous-IRS-IPTsc,ITN MRC continuous-IRS-IPTsc,ITN MRC continuous-IRS-IPTsc,increase in CM - ITN continuous-IRS-IPTsc,increase in CM - ITN continuous-IRS-IPTsc,ITN continuous-IRS-IPTsc
30,Bukombe,Lake,Geita,moderate,moderate,60,60,ITN continuous-IRS,increase in CM - ITN continuous-IRS,increase in CM - ITN continuous-IRS,27,27,57,57,57,57,27,27,27,27,91,91,83,ITN continuous,ITN continuous,increase in CM - ITN continuous,increase in CM - ITN continuous,increase in CM - ITN continuous,increase in CM - ITN continuous,ITN continuous,ITN continuous,ITN continuous,ITN continuous,increase in CM - ITN MRC continuous,increase in CM - ITN MRC continuous,ITN MRC continuous
30,Nyang'wale,Lake,Geita,high,high,60,60,ITN continuous-IRS,increase in CM - ITN continuous-IRS,increase in CM - ITN continuous-IRS,84,68,92,76,76,76,84,68,68,68,74,74,66,ITN MRC continuous-IRS,ITN MRC continuous-IRS-IPTsc,increase in CM - ITN MRC continuous-IRS,increase in CM - ITN MRC continuous-IRS-IPTsc,increase in CM - ITN MRC continuous-IRS-IPTsc,increase in CM - ITN MRC continuous-IRS-IPTsc,ITN MRC continuous-IRS,ITN MRC continuous-IRS-IPTsc,ITN MRC continuous-IRS-IPTsc,ITN MRC continuous-IRS-IPTsc,increase in CM - ITN continuous-IRS-IPTsc,increase in CM - ITN continuous-IRS-IPTsc,ITN continuous-IRS-IPTsc
30,Geita Town,Lake,Geita,moderate,moderate,60,60,ITN continuous-IRS,increase in CM - ITN continuous-IRS,increase in CM - ITN continuous-IRS,27,27,57,57,57,57,27,27,27,27,91,91,83,ITN continuous,ITN continuous,increase in CM - ITN continuous,increase in CM - ITN continuous,increase in CM - ITN continuous,increase in CM - ITN continuous,ITN continuous,ITN continuous,ITN continuous,ITN continuous,increase in CM - ITN MRC continuous,increase in CM - ITN MRC continuous,ITN MRC continuous
